family,internal_family,capacity,H16_all_tied_fraction,H16_discriminative_fraction,H16_random_optimal_probability,H16_mean_random_regret,H16_decisions,H32_all_tied_fraction,H32_discriminative_fraction,H32_random_optimal_probability,H32_mean_random_regret,H32_decisions,H64_all_tied_fraction,H64_discriminative_fraction,H64_random_optimal_probability,H64_mean_random_regret,H64_decisions,H128_all_tied_fraction,H128_discriminative_fraction,H128_random_optimal_probability,H128_mean_random_regret,H128_decisions
alibaba-block,cloudphysics,32,0.8695599195792124,0.13044008042078759,0.9920562894742186,0.007971634410349098,49241,0.8359294084198128,0.16407059158018722,0.9844381460571475,0.015795399159237222,49241,0.8359294084198128,0.16407059158018722,0.9844140299750208,0.01582014987510408,49241,0.8359294084198128,0.16407059158018722,0.9844140299750208,0.01582014987510408,49241
alibaba-block,cloudphysics,64,0.7665477932839975,0.23345220671600253,0.993381655706953,0.00684219816124178,48511,0.6732905938859228,0.32670940611407717,0.9871668925604502,0.013947545402073757,48511,0.6173857475624085,0.3826142524375915,0.9760418384490116,0.02899793345839088,48511,0.6173032920368576,0.38269670796314237,0.9754256766506566,0.03023669889303457,48511
alibaba-block,cloudphysics,128,0.6617387652246955,0.33826123477530445,0.9951712450125998,0.004837122007559849,47620,0.5263964720705586,0.4736035279294414,0.9908451674716505,0.009191909911801764,47620,0.3935951280974381,0.6064048719025619,0.9839955310268794,0.01619001994960101,47620,0.329882402351953,0.670117597648047,0.9747831137127257,0.02569987662746745,47620
alibaba-block,cloudphysics,256,0.5701805100533179,0.42981948994668207,0.9967550380345175,0.003263530893342755,46701,0.4007194706751461,0.5992805293248539,0.9936677446682084,0.0064169865206312494,46701,0.24584056015931136,0.7541594398406887,0.9884191786578446,0.011935303847883343,46701,0.14691334232671677,0.8530866576732832,0.9802134690638316,0.021244275417014624,46701
metacdn,metacdn,32,0.012164372359274908,0.9878356276407251,0.9404484547498978,0.06007010699195857,29348,0.0008518468038707918,0.9991481531961293,0.9246275299850075,0.07688449809186317,29348,3.4073872154831676e-05,0.9999659261278452,0.9134342629821453,0.08919155479078643,29348,3.4073872154831676e-05,0.9999659261278452,0.9132042643451002,0.0894396551724138,29348
metacdn,metacdn,64,0.010226954328943681,0.9897730456710563,0.9670562701386943,0.03306467147660409,28552,0.0006304286915102269,0.9993695713084898,0.9571199040347437,0.0432199364317736,28552,0.0,1.0,0.9437358810240963,0.05721523448444943,28552,0.0,1.0,0.9311820319066966,0.07107262626085738,28552
metacdn,metacdn,128,0.008488964346349746,0.9915110356536503,0.9816592651627353,0.018351176714951414,27683,0.0005779720406025358,0.9994220279593975,0.9752973395224506,0.024732575046057147,27683,0.0,1.0,0.966916180507893,0.03317948966874978,27683,0.0,1.0,0.9561822124589098,0.044128503955496154,27683
metacdn,metacdn,256,0.006657440999364177,0.9933425590006358,0.9897828559206343,0.010219773862063807,26737,0.0005236189550061713,0.9994763810449938,0.9856171340277518,0.014388417735722032,26737,0.0,1.0,0.9794286709428881,0.020586085060029173,26737,0.0,1.0,0.9705126849029435,0.029529683818304224,26737
metakv,metakv,32,0.8668489692890198,0.13315103071098022,0.9953410943416071,0.004660549011358856,38032,0.8628260412284392,0.1371739587715608,0.9949277910706773,0.005082890723601178,38032,0.862142406394615,0.13785759360538496,0.9945177745056795,0.00551016249474127,38032,0.862142406394615,0.13785759360538496,0.9945177745056795,0.00551016249474127,38032
metakv,metakv,64,0.8623903941859546,0.13760960581404535,0.9976227387629355,0.002377261237064539,37977,0.8540169049687969,0.1459830950312031,0.9974482910709114,0.002551708929088659,37977,0.8457224109329331,0.1542775890670669,0.9972627346815177,0.0027372653184822393,37977,0.8446164783948179,0.1553835216051821,0.997240105853543,0.0027598941464570662,37977
metakv,metakv,128,0.8559013102282333,0.14409868977176665,0.9987113997781065,0.0012886002218934912,37856,0.843697168216399,0.15630283178360105,0.9985186463176247,0.001481353682375317,37856,0.8283495350803043,0.1716504649196957,0.9982086723372781,0.0017913276627218935,37856,0.8184699915469146,0.18153000845308542,0.9978596936416948,0.002140306358305156,37856
metakv,metakv,256,0.8328442618577603,0.16715573814223972,0.9991181082604172,0.0008822043562930161,37486,0.817398495438297,0.182601504561703,0.9987676649282399,0.0012326476884703622,37486,0.8018460225150723,0.1981539774849277,0.9980556282678866,0.0019448927599637197,37486,0.7928293229472336,0.20717067705276637,0.9966061287880809,0.003395434295470309,37486
twemcache,twemcache,32,0.24270126027107716,0.7572987397289228,0.9347340748764829,0.06696428571428571,37849,0.1721116913383108,0.8278883086616892,0.9392492231668896,0.061690798843381814,23171,0.1144534115920763,0.8855465884079237,0.9150325298864961,0.08725346338095033,23171,0.11285658797634975,0.8871434120236502,0.9131996892667559,0.08924005222044798,23171
twemcache,twemcache,64,0.1443536318637044,0.8556463681362956,0.9554965393691723,0.045000791412455395,34748,0.05179009318293281,0.9482099068170672,0.9429047633643943,0.07313021088769005,20390,0.004806277587052476,0.9951937224129476,0.8946458128984797,0.16947569274153998,20390,4.9043648847474255e-05,0.9999509563511525,0.7879015448749387,0.4822055848455125,20390
twemcache,twemcache,128,0.10174707485173906,0.8982529251482609,0.9713503265747716,0.02891514064753967,31195,0.000441306266548985,0.999558693733451,0.8961637384157105,0.1041844798102383,4532,0.0002206531332744925,0.9997793468667255,0.803675598521624,0.19759832855251544,4532,0.0002206531332744925,0.9997793468667255,0.6285735464474845,0.37471728817299205,4532
twemcache,twemcache,256,0.08412875357068209,0.9158712464293179,0.9838283753831951,0.01622088478889431,28706,0.0005664117813650524,0.9994335882186349,0.9455260106910224,0.05447398930897763,3531,0.0002832058906825262,0.9997167941093175,0.8965612609742283,0.10343873902577173,3531,0.0002832058906825262,0.9997167941093175,0.8035679517133957,0.19643204828660435,3531
wiki2018,wiki2018,32,1.0,0.0,1.0,0.0,49968,1.0,0.0,1.0,0.0,49968,1.0,0.0,1.0,0.0,49968,1.0,0.0,1.0,0.0,49968
wiki2018,wiki2018,64,1.0,0.0,1.0,0.0,49936,1.0,0.0,1.0,0.0,49936,1.0,0.0,1.0,0.0,49936,1.0,0.0,1.0,0.0,49936
wiki2018,wiki2018,128,1.0,0.0,1.0,0.0,49872,1.0,0.0,1.0,0.0,49872,1.0,0.0,1.0,0.0,49872,1.0,0.0,1.0,0.0,49872
wiki2018,wiki2018,256,1.0,0.0,1.0,0.0,49744,1.0,0.0,1.0,0.0,49744,1.0,0.0,1.0,0.0,49744,1.0,0.0,1.0,0.0,49744
