experiment_protocol_version,policy,policy_variant,implementation_source,implementation_commit,trace,trace_sha256,capacity,capacity_semantics,object_size_semantics,history_start,history_end,score_start,score_end,history_requests,scored_requests,hits,misses,miss_ratio,cache_warmup,model_training_mode,model_training_data,model_frozen_during_test,online_adaptation_during_test,hyperparameter_source,random_seed,future_information,runtime_seconds,status,failure_reason,protocol_id,objective,held_out_family,fold_id,model_hash,model_family,feature_schema_version,objective_definition_version,horizon,censoring_mode,training_families,validation_family,seed
reviewer_fairness_v1,supervision_objective_ablation_objective_eviction_loss,primary_controlled_window,native_pretrained_offline,n/a,brightkite_50k,04c8cebb51742e7f192b6654e0e3029690a74b8ff494db771f0e132dc68d01de,32,object_slots,unit,0,10000,10000,50000,10000,40000,24531,15469,0.386725,"processes_[0,10000)_then_scores_[10000,50000)",offline_pretrained_frozen_cross_family,"5 training families (cloudphysics,metacdn,metakv,twemcache,wiki2018), validation family=citibike, held-out family=brightkite contributes ZERO rows",yes,no,frozen_supervision_objective_ablation_v1_grid,0,none,20.3633,ok,,supervision_objective_ablation_v1,objective_eviction_loss,brightkite,cross_family_v1_brightkite,f6e2c89db497e6281b066e3a86db813739059255a4e4ccca00dbf8e11dfb07b9,ridge,evict_value_v1,v1,4,horizon_controlled_primary,cloudphysics;metacdn;metakv;twemcache;wiki2018,citibike,0
reviewer_fairness_v1,supervision_objective_ablation_objective_eviction_loss,primary_controlled_window,native_pretrained_offline,n/a,brightkite_50k,04c8cebb51742e7f192b6654e0e3029690a74b8ff494db771f0e132dc68d01de,64,object_slots,unit,0,10000,10000,50000,10000,40000,24551,15449,0.386225,"processes_[0,10000)_then_scores_[10000,50000)",offline_pretrained_frozen_cross_family,"5 training families (cloudphysics,metacdn,metakv,twemcache,wiki2018), validation family=citibike, held-out family=brightkite contributes ZERO rows",yes,no,frozen_supervision_objective_ablation_v1_grid,0,none,75.7916,ok,,supervision_objective_ablation_v1,objective_eviction_loss,brightkite,cross_family_v1_brightkite,f6e2c89db497e6281b066e3a86db813739059255a4e4ccca00dbf8e11dfb07b9,ridge,evict_value_v1,v1,4,horizon_controlled_primary,cloudphysics;metacdn;metakv;twemcache;wiki2018,citibike,0
reviewer_fairness_v1,supervision_objective_ablation_objective_eviction_loss,primary_controlled_window,native_pretrained_offline,n/a,brightkite_50k,04c8cebb51742e7f192b6654e0e3029690a74b8ff494db771f0e132dc68d01de,128,object_slots,unit,0,10000,10000,50000,10000,40000,24302,15698,0.39245,"processes_[0,10000)_then_scores_[10000,50000)",offline_pretrained_frozen_cross_family,"5 training families (cloudphysics,metacdn,metakv,twemcache,wiki2018), validation family=citibike, held-out family=brightkite contributes ZERO rows",yes,no,frozen_supervision_objective_ablation_v1_grid,0,none,372.0831,ok,,supervision_objective_ablation_v1,objective_eviction_loss,brightkite,cross_family_v1_brightkite,f6e2c89db497e6281b066e3a86db813739059255a4e4ccca00dbf8e11dfb07b9,ridge,evict_value_v1,v1,4,horizon_controlled_primary,cloudphysics;metacdn;metakv;twemcache;wiki2018,citibike,0
reviewer_fairness_v1,supervision_objective_ablation_objective_next_arrival,primary_controlled_window,native_pretrained_offline,n/a,brightkite_50k,04c8cebb51742e7f192b6654e0e3029690a74b8ff494db771f0e132dc68d01de,32,object_slots,unit,0,10000,10000,50000,10000,40000,25260,14740,0.3685,"processes_[0,10000)_then_scores_[10000,50000)",offline_pretrained_frozen_cross_family,"5 training families (cloudphysics,metacdn,metakv,twemcache,wiki2018), validation family=citibike, held-out family=brightkite contributes ZERO rows",yes,no,frozen_supervision_objective_ablation_v1_grid,0,none,18.8775,ok,,supervision_objective_ablation_v1,objective_next_arrival,brightkite,cross_family_v1_brightkite,182c682b16d684590fe123fa161884e2e6a0e50405a4d02d3037b94e56920aec,ridge,evict_value_v1,v1,4,horizon_controlled_primary,cloudphysics;metacdn;metakv;twemcache;wiki2018,citibike,0
reviewer_fairness_v1,supervision_objective_ablation_objective_next_arrival,primary_controlled_window,native_pretrained_offline,n/a,brightkite_50k,04c8cebb51742e7f192b6654e0e3029690a74b8ff494db771f0e132dc68d01de,64,object_slots,unit,0,10000,10000,50000,10000,40000,26754,13246,0.33115,"processes_[0,10000)_then_scores_[10000,50000)",offline_pretrained_frozen_cross_family,"5 training families (cloudphysics,metacdn,metakv,twemcache,wiki2018), validation family=citibike, held-out family=brightkite contributes ZERO rows",yes,no,frozen_supervision_objective_ablation_v1_grid,0,none,63.4792,ok,,supervision_objective_ablation_v1,objective_next_arrival,brightkite,cross_family_v1_brightkite,182c682b16d684590fe123fa161884e2e6a0e50405a4d02d3037b94e56920aec,ridge,evict_value_v1,v1,4,horizon_controlled_primary,cloudphysics;metacdn;metakv;twemcache;wiki2018,citibike,0
reviewer_fairness_v1,supervision_objective_ablation_objective_next_arrival,primary_controlled_window,native_pretrained_offline,n/a,brightkite_50k,04c8cebb51742e7f192b6654e0e3029690a74b8ff494db771f0e132dc68d01de,128,object_slots,unit,0,10000,10000,50000,10000,40000,27597,12403,0.310075,"processes_[0,10000)_then_scores_[10000,50000)",offline_pretrained_frozen_cross_family,"5 training families (cloudphysics,metacdn,metakv,twemcache,wiki2018), validation family=citibike, held-out family=brightkite contributes ZERO rows",yes,no,frozen_supervision_objective_ablation_v1_grid,0,none,288.6622,ok,,supervision_objective_ablation_v1,objective_next_arrival,brightkite,cross_family_v1_brightkite,182c682b16d684590fe123fa161884e2e6a0e50405a4d02d3037b94e56920aec,ridge,evict_value_v1,v1,4,horizon_controlled_primary,cloudphysics;metacdn;metakv;twemcache;wiki2018,citibike,0
reviewer_fairness_v1,supervision_objective_ablation_objective_reuse_distance,primary_controlled_window,native_pretrained_offline,n/a,brightkite_50k,04c8cebb51742e7f192b6654e0e3029690a74b8ff494db771f0e132dc68d01de,32,object_slots,unit,0,10000,10000,50000,10000,40000,25260,14740,0.3685,"processes_[0,10000)_then_scores_[10000,50000)",offline_pretrained_frozen_cross_family,"5 training families (cloudphysics,metacdn,metakv,twemcache,wiki2018), validation family=citibike, held-out family=brightkite contributes ZERO rows",yes,no,frozen_supervision_objective_ablation_v1_grid,0,none,18.8988,ok,,supervision_objective_ablation_v1,objective_reuse_distance,brightkite,cross_family_v1_brightkite,a12d9efa99f2fac624cdba63ce4a4104c5221b96d022fb62ac366ee1fe417241,ridge,evict_value_v1,v1,4,horizon_controlled_primary,cloudphysics;metacdn;metakv;twemcache;wiki2018,citibike,0
reviewer_fairness_v1,supervision_objective_ablation_objective_reuse_distance,primary_controlled_window,native_pretrained_offline,n/a,brightkite_50k,04c8cebb51742e7f192b6654e0e3029690a74b8ff494db771f0e132dc68d01de,64,object_slots,unit,0,10000,10000,50000,10000,40000,26754,13246,0.33115,"processes_[0,10000)_then_scores_[10000,50000)",offline_pretrained_frozen_cross_family,"5 training families (cloudphysics,metacdn,metakv,twemcache,wiki2018), validation family=citibike, held-out family=brightkite contributes ZERO rows",yes,no,frozen_supervision_objective_ablation_v1_grid,0,none,63.312,ok,,supervision_objective_ablation_v1,objective_reuse_distance,brightkite,cross_family_v1_brightkite,a12d9efa99f2fac624cdba63ce4a4104c5221b96d022fb62ac366ee1fe417241,ridge,evict_value_v1,v1,4,horizon_controlled_primary,cloudphysics;metacdn;metakv;twemcache;wiki2018,citibike,0
reviewer_fairness_v1,supervision_objective_ablation_objective_reuse_distance,primary_controlled_window,native_pretrained_offline,n/a,brightkite_50k,04c8cebb51742e7f192b6654e0e3029690a74b8ff494db771f0e132dc68d01de,128,object_slots,unit,0,10000,10000,50000,10000,40000,27597,12403,0.310075,"processes_[0,10000)_then_scores_[10000,50000)",offline_pretrained_frozen_cross_family,"5 training families (cloudphysics,metacdn,metakv,twemcache,wiki2018), validation family=citibike, held-out family=brightkite contributes ZERO rows",yes,no,frozen_supervision_objective_ablation_v1_grid,0,none,287.976,ok,,supervision_objective_ablation_v1,objective_reuse_distance,brightkite,cross_family_v1_brightkite,a12d9efa99f2fac624cdba63ce4a4104c5221b96d022fb62ac366ee1fe417241,ridge,evict_value_v1,v1,4,horizon_controlled_primary,cloudphysics;metacdn;metakv;twemcache;wiki2018,citibike,0
reviewer_fairness_v1,supervision_objective_ablation_objective_pairwise,primary_controlled_window,native_pretrained_offline,n/a,brightkite_50k,04c8cebb51742e7f192b6654e0e3029690a74b8ff494db771f0e132dc68d01de,32,object_slots,unit,0,10000,10000,50000,10000,40000,25574,14426,0.36065,"processes_[0,10000)_then_scores_[10000,50000)",offline_pretrained_frozen_cross_family,"5 training families (cloudphysics,metacdn,metakv,twemcache,wiki2018), validation family=citibike, held-out family=brightkite contributes ZERO rows",yes,no,frozen_supervision_objective_ablation_v1_grid,0,none,20.7947,ok,,supervision_objective_ablation_v1,objective_pairwise,brightkite,cross_family_v1_brightkite,84fc1ae9776d781a154c6059dbf7a6dd813427edbec474cb54665272d91566b4,shared_weight_mlp_pairwise,evict_value_v1,v1,4,horizon_controlled_primary,cloudphysics;metacdn;metakv;twemcache;wiki2018,citibike,0
reviewer_fairness_v1,supervision_objective_ablation_objective_pairwise,primary_controlled_window,native_pretrained_offline,n/a,brightkite_50k,04c8cebb51742e7f192b6654e0e3029690a74b8ff494db771f0e132dc68d01de,64,object_slots,unit,0,10000,10000,50000,10000,40000,26775,13225,0.330625,"processes_[0,10000)_then_scores_[10000,50000)",offline_pretrained_frozen_cross_family,"5 training families (cloudphysics,metacdn,metakv,twemcache,wiki2018), validation family=citibike, held-out family=brightkite contributes ZERO rows",yes,no,frozen_supervision_objective_ablation_v1_grid,0,none,64.6249,ok,,supervision_objective_ablation_v1,objective_pairwise,brightkite,cross_family_v1_brightkite,84fc1ae9776d781a154c6059dbf7a6dd813427edbec474cb54665272d91566b4,shared_weight_mlp_pairwise,evict_value_v1,v1,4,horizon_controlled_primary,cloudphysics;metacdn;metakv;twemcache;wiki2018,citibike,0
reviewer_fairness_v1,supervision_objective_ablation_objective_pairwise,primary_controlled_window,native_pretrained_offline,n/a,brightkite_50k,04c8cebb51742e7f192b6654e0e3029690a74b8ff494db771f0e132dc68d01de,128,object_slots,unit,0,10000,10000,50000,10000,40000,27603,12397,0.309925,"processes_[0,10000)_then_scores_[10000,50000)",offline_pretrained_frozen_cross_family,"5 training families (cloudphysics,metacdn,metakv,twemcache,wiki2018), validation family=citibike, held-out family=brightkite contributes ZERO rows",yes,no,frozen_supervision_objective_ablation_v1_grid,0,none,287.3033,ok,,supervision_objective_ablation_v1,objective_pairwise,brightkite,cross_family_v1_brightkite,84fc1ae9776d781a154c6059dbf7a6dd813427edbec474cb54665272d91566b4,shared_weight_mlp_pairwise,evict_value_v1,v1,4,horizon_controlled_primary,cloudphysics;metacdn;metakv;twemcache;wiki2018,citibike,0
reviewer_fairness_v1,supervision_objective_ablation_objective_eviction_loss,primary_controlled_window,native_pretrained_offline,n/a,citibike_202401_50k,1ddab59d9dd9cd32ced3bf7409a2e2432cc6453cd06a6837670babb7f5d77130,32,object_slots,unit,0,10000,10000,50000,10000,40000,22642,17358,0.43395,"processes_[0,10000)_then_scores_[10000,50000)",offline_pretrained_frozen_cross_family,"5 training families (brightkite,metacdn,metakv,twemcache,wiki2018), validation family=cloudphysics, held-out family=citibike contributes ZERO rows",yes,no,frozen_supervision_objective_ablation_v1_grid,0,none,31.8289,ok,,supervision_objective_ablation_v1,objective_eviction_loss,citibike,cross_family_v1_citibike,f3f7774d003f5241574f7edfaf402d5a7e4c1a756f0b3110a7ab8aee236be25a,hist_gb,evict_value_v1,v1,4,horizon_controlled_primary,brightkite;metacdn;metakv;twemcache;wiki2018,cloudphysics,0
reviewer_fairness_v1,supervision_objective_ablation_objective_eviction_loss,primary_controlled_window,native_pretrained_offline,n/a,citibike_202401_50k,1ddab59d9dd9cd32ced3bf7409a2e2432cc6453cd06a6837670babb7f5d77130,64,object_slots,unit,0,10000,10000,50000,10000,40000,24266,15734,0.39335,"processes_[0,10000)_then_scores_[10000,50000)",offline_pretrained_frozen_cross_family,"5 training families (brightkite,metacdn,metakv,twemcache,wiki2018), validation family=cloudphysics, held-out family=citibike contributes ZERO rows",yes,no,frozen_supervision_objective_ablation_v1_grid,0,none,86.6867,ok,,supervision_objective_ablation_v1,objective_eviction_loss,citibike,cross_family_v1_citibike,f3f7774d003f5241574f7edfaf402d5a7e4c1a756f0b3110a7ab8aee236be25a,hist_gb,evict_value_v1,v1,4,horizon_controlled_primary,brightkite;metacdn;metakv;twemcache;wiki2018,cloudphysics,0
reviewer_fairness_v1,supervision_objective_ablation_objective_eviction_loss,primary_controlled_window,native_pretrained_offline,n/a,citibike_202401_50k,1ddab59d9dd9cd32ced3bf7409a2e2432cc6453cd06a6837670babb7f5d77130,128,object_slots,unit,0,10000,10000,50000,10000,40000,25783,14217,0.355425,"processes_[0,10000)_then_scores_[10000,50000)",offline_pretrained_frozen_cross_family,"5 training families (brightkite,metacdn,metakv,twemcache,wiki2018), validation family=cloudphysics, held-out family=citibike contributes ZERO rows",yes,no,frozen_supervision_objective_ablation_v1_grid,0,none,368.2127,ok,,supervision_objective_ablation_v1,objective_eviction_loss,citibike,cross_family_v1_citibike,f3f7774d003f5241574f7edfaf402d5a7e4c1a756f0b3110a7ab8aee236be25a,hist_gb,evict_value_v1,v1,4,horizon_controlled_primary,brightkite;metacdn;metakv;twemcache;wiki2018,cloudphysics,0
reviewer_fairness_v1,supervision_objective_ablation_objective_next_arrival,primary_controlled_window,native_pretrained_offline,n/a,citibike_202401_50k,1ddab59d9dd9cd32ced3bf7409a2e2432cc6453cd06a6837670babb7f5d77130,32,object_slots,unit,0,10000,10000,50000,10000,40000,23498,16502,0.41255,"processes_[0,10000)_then_scores_[10000,50000)",offline_pretrained_frozen_cross_family,"5 training families (brightkite,metacdn,metakv,twemcache,wiki2018), validation family=cloudphysics, held-out family=citibike contributes ZERO rows",yes,no,frozen_supervision_objective_ablation_v1_grid,0,none,21.0507,ok,,supervision_objective_ablation_v1,objective_next_arrival,citibike,cross_family_v1_citibike,05f306f7c2b23d393b847f54203af0bccf7312aef822ff399cdd7b42730a2e1a,ridge,evict_value_v1,v1,4,horizon_controlled_primary,brightkite;metacdn;metakv;twemcache;wiki2018,cloudphysics,0
reviewer_fairness_v1,supervision_objective_ablation_objective_next_arrival,primary_controlled_window,native_pretrained_offline,n/a,citibike_202401_50k,1ddab59d9dd9cd32ced3bf7409a2e2432cc6453cd06a6837670babb7f5d77130,64,object_slots,unit,0,10000,10000,50000,10000,40000,24305,15695,0.392375,"processes_[0,10000)_then_scores_[10000,50000)",offline_pretrained_frozen_cross_family,"5 training families (brightkite,metacdn,metakv,twemcache,wiki2018), validation family=cloudphysics, held-out family=citibike contributes ZERO rows",yes,no,frozen_supervision_objective_ablation_v1_grid,0,none,77.1508,ok,,supervision_objective_ablation_v1,objective_next_arrival,citibike,cross_family_v1_citibike,05f306f7c2b23d393b847f54203af0bccf7312aef822ff399cdd7b42730a2e1a,ridge,evict_value_v1,v1,4,horizon_controlled_primary,brightkite;metacdn;metakv;twemcache;wiki2018,cloudphysics,0
reviewer_fairness_v1,supervision_objective_ablation_objective_next_arrival,primary_controlled_window,native_pretrained_offline,n/a,citibike_202401_50k,1ddab59d9dd9cd32ced3bf7409a2e2432cc6453cd06a6837670babb7f5d77130,128,object_slots,unit,0,10000,10000,50000,10000,40000,25784,14216,0.3554,"processes_[0,10000)_then_scores_[10000,50000)",offline_pretrained_frozen_cross_family,"5 training families (brightkite,metacdn,metakv,twemcache,wiki2018), validation family=cloudphysics, held-out family=citibike contributes ZERO rows",yes,no,frozen_supervision_objective_ablation_v1_grid,0,none,358.3861,ok,,supervision_objective_ablation_v1,objective_next_arrival,citibike,cross_family_v1_citibike,05f306f7c2b23d393b847f54203af0bccf7312aef822ff399cdd7b42730a2e1a,ridge,evict_value_v1,v1,4,horizon_controlled_primary,brightkite;metacdn;metakv;twemcache;wiki2018,cloudphysics,0
reviewer_fairness_v1,supervision_objective_ablation_objective_reuse_distance,primary_controlled_window,native_pretrained_offline,n/a,citibike_202401_50k,1ddab59d9dd9cd32ced3bf7409a2e2432cc6453cd06a6837670babb7f5d77130,32,object_slots,unit,0,10000,10000,50000,10000,40000,23495,16505,0.412625,"processes_[0,10000)_then_scores_[10000,50000)",offline_pretrained_frozen_cross_family,"5 training families (brightkite,metacdn,metakv,twemcache,wiki2018), validation family=cloudphysics, held-out family=citibike contributes ZERO rows",yes,no,frozen_supervision_objective_ablation_v1_grid,0,none,21.0415,ok,,supervision_objective_ablation_v1,objective_reuse_distance,citibike,cross_family_v1_citibike,52c69dc702b3846b6a2afaea0cb05036f6871ea56686bc2daa8fe8e41eef547b,ridge,evict_value_v1,v1,4,horizon_controlled_primary,brightkite;metacdn;metakv;twemcache;wiki2018,cloudphysics,0
reviewer_fairness_v1,supervision_objective_ablation_objective_reuse_distance,primary_controlled_window,native_pretrained_offline,n/a,citibike_202401_50k,1ddab59d9dd9cd32ced3bf7409a2e2432cc6453cd06a6837670babb7f5d77130,64,object_slots,unit,0,10000,10000,50000,10000,40000,24307,15693,0.392325,"processes_[0,10000)_then_scores_[10000,50000)",offline_pretrained_frozen_cross_family,"5 training families (brightkite,metacdn,metakv,twemcache,wiki2018), validation family=cloudphysics, held-out family=citibike contributes ZERO rows",yes,no,frozen_supervision_objective_ablation_v1_grid,0,none,78.8931,ok,,supervision_objective_ablation_v1,objective_reuse_distance,citibike,cross_family_v1_citibike,52c69dc702b3846b6a2afaea0cb05036f6871ea56686bc2daa8fe8e41eef547b,ridge,evict_value_v1,v1,4,horizon_controlled_primary,brightkite;metacdn;metakv;twemcache;wiki2018,cloudphysics,0
reviewer_fairness_v1,supervision_objective_ablation_objective_reuse_distance,primary_controlled_window,native_pretrained_offline,n/a,citibike_202401_50k,1ddab59d9dd9cd32ced3bf7409a2e2432cc6453cd06a6837670babb7f5d77130,128,object_slots,unit,0,10000,10000,50000,10000,40000,25784,14216,0.3554,"processes_[0,10000)_then_scores_[10000,50000)",offline_pretrained_frozen_cross_family,"5 training families (brightkite,metacdn,metakv,twemcache,wiki2018), validation family=cloudphysics, held-out family=citibike contributes ZERO rows",yes,no,frozen_supervision_objective_ablation_v1_grid,0,none,358.9392,ok,,supervision_objective_ablation_v1,objective_reuse_distance,citibike,cross_family_v1_citibike,52c69dc702b3846b6a2afaea0cb05036f6871ea56686bc2daa8fe8e41eef547b,ridge,evict_value_v1,v1,4,horizon_controlled_primary,brightkite;metacdn;metakv;twemcache;wiki2018,cloudphysics,0
reviewer_fairness_v1,supervision_objective_ablation_objective_pairwise,primary_controlled_window,native_pretrained_offline,n/a,citibike_202401_50k,1ddab59d9dd9cd32ced3bf7409a2e2432cc6453cd06a6837670babb7f5d77130,32,object_slots,unit,0,10000,10000,50000,10000,40000,23397,16603,0.415075,"processes_[0,10000)_then_scores_[10000,50000)",offline_pretrained_frozen_cross_family,"5 training families (brightkite,metacdn,metakv,twemcache,wiki2018), validation family=cloudphysics, held-out family=citibike contributes ZERO rows",yes,no,frozen_supervision_objective_ablation_v1_grid,0,none,24.0388,ok,,supervision_objective_ablation_v1,objective_pairwise,citibike,cross_family_v1_citibike,a55e8d75b935de4061c854ba77eea3ba4964ad1ddd09627cb3634b3c6354cf2c,shared_weight_mlp_pairwise,evict_value_v1,v1,4,horizon_controlled_primary,brightkite;metacdn;metakv;twemcache;wiki2018,cloudphysics,0
reviewer_fairness_v1,supervision_objective_ablation_objective_pairwise,primary_controlled_window,native_pretrained_offline,n/a,citibike_202401_50k,1ddab59d9dd9cd32ced3bf7409a2e2432cc6453cd06a6837670babb7f5d77130,64,object_slots,unit,0,10000,10000,50000,10000,40000,24291,15709,0.392725,"processes_[0,10000)_then_scores_[10000,50000)",offline_pretrained_frozen_cross_family,"5 training families (brightkite,metacdn,metakv,twemcache,wiki2018), validation family=cloudphysics, held-out family=citibike contributes ZERO rows",yes,no,frozen_supervision_objective_ablation_v1_grid,0,none,79.1931,ok,,supervision_objective_ablation_v1,objective_pairwise,citibike,cross_family_v1_citibike,a55e8d75b935de4061c854ba77eea3ba4964ad1ddd09627cb3634b3c6354cf2c,shared_weight_mlp_pairwise,evict_value_v1,v1,4,horizon_controlled_primary,brightkite;metacdn;metakv;twemcache;wiki2018,cloudphysics,0
reviewer_fairness_v1,supervision_objective_ablation_objective_pairwise,primary_controlled_window,native_pretrained_offline,n/a,citibike_202401_50k,1ddab59d9dd9cd32ced3bf7409a2e2432cc6453cd06a6837670babb7f5d77130,128,object_slots,unit,0,10000,10000,50000,10000,40000,25783,14217,0.355425,"processes_[0,10000)_then_scores_[10000,50000)",offline_pretrained_frozen_cross_family,"5 training families (brightkite,metacdn,metakv,twemcache,wiki2018), validation family=cloudphysics, held-out family=citibike contributes ZERO rows",yes,no,frozen_supervision_objective_ablation_v1_grid,0,none,359.0554,ok,,supervision_objective_ablation_v1,objective_pairwise,citibike,cross_family_v1_citibike,a55e8d75b935de4061c854ba77eea3ba4964ad1ddd09627cb3634b3c6354cf2c,shared_weight_mlp_pairwise,evict_value_v1,v1,4,horizon_controlled_primary,brightkite;metacdn;metakv;twemcache;wiki2018,cloudphysics,0
reviewer_fairness_v1,supervision_objective_ablation_objective_eviction_loss,primary_controlled_window,native_pretrained_offline,n/a,cloudphysics_alibaba_block_head_50k,fedb3d31ee3c1dd847d25f967392cdf0fdec1e9c1fbb6808772e281bc8d4fb57,32,object_slots,unit,0,10000,10000,50000,10000,40000,260,39740,0.9935,"processes_[0,10000)_then_scores_[10000,50000)",offline_pretrained_frozen_cross_family,"5 training families (brightkite,citibike,metakv,twemcache,wiki2018), validation family=metacdn, held-out family=cloudphysics contributes ZERO rows",yes,no,frozen_supervision_objective_ablation_v1_grid,0,none,159.3587,ok,,supervision_objective_ablation_v1,objective_eviction_loss,cloudphysics,cross_family_v1_cloudphysics,b3a9c7d7c2ad0af5bdd95fc78de60115feac52ed573fdd8f94eb9f27f490f66d,random_forest,evict_value_v1,v1,4,horizon_controlled_primary,brightkite;citibike;metakv;twemcache;wiki2018,metacdn,0
reviewer_fairness_v1,supervision_objective_ablation_objective_eviction_loss,primary_controlled_window,native_pretrained_offline,n/a,cloudphysics_alibaba_block_head_50k,fedb3d31ee3c1dd847d25f967392cdf0fdec1e9c1fbb6808772e281bc8d4fb57,64,object_slots,unit,0,10000,10000,50000,10000,40000,541,39459,0.986475,"processes_[0,10000)_then_scores_[10000,50000)",offline_pretrained_frozen_cross_family,"5 training families (brightkite,citibike,metakv,twemcache,wiki2018), validation family=metacdn, held-out family=cloudphysics contributes ZERO rows",yes,no,frozen_supervision_objective_ablation_v1_grid,0,none,306.3982,ok,,supervision_objective_ablation_v1,objective_eviction_loss,cloudphysics,cross_family_v1_cloudphysics,b3a9c7d7c2ad0af5bdd95fc78de60115feac52ed573fdd8f94eb9f27f490f66d,random_forest,evict_value_v1,v1,4,horizon_controlled_primary,brightkite;citibike;metakv;twemcache;wiki2018,metacdn,0
reviewer_fairness_v1,supervision_objective_ablation_objective_eviction_loss,primary_controlled_window,native_pretrained_offline,n/a,cloudphysics_alibaba_block_head_50k,fedb3d31ee3c1dd847d25f967392cdf0fdec1e9c1fbb6808772e281bc8d4fb57,128,object_slots,unit,0,10000,10000,50000,10000,40000,1027,38973,0.974325,"processes_[0,10000)_then_scores_[10000,50000)",offline_pretrained_frozen_cross_family,"5 training families (brightkite,citibike,metakv,twemcache,wiki2018), validation family=metacdn, held-out family=cloudphysics contributes ZERO rows",yes,no,frozen_supervision_objective_ablation_v1_grid,0,none,1026.7581,ok,,supervision_objective_ablation_v1,objective_eviction_loss,cloudphysics,cross_family_v1_cloudphysics,b3a9c7d7c2ad0af5bdd95fc78de60115feac52ed573fdd8f94eb9f27f490f66d,random_forest,evict_value_v1,v1,4,horizon_controlled_primary,brightkite;citibike;metakv;twemcache;wiki2018,metacdn,0
reviewer_fairness_v1,supervision_objective_ablation_objective_next_arrival,primary_controlled_window,native_pretrained_offline,n/a,cloudphysics_alibaba_block_head_50k,fedb3d31ee3c1dd847d25f967392cdf0fdec1e9c1fbb6808772e281bc8d4fb57,32,object_slots,unit,0,10000,10000,50000,10000,40000,1059,38941,0.973525,"processes_[0,10000)_then_scores_[10000,50000)",offline_pretrained_frozen_cross_family,"5 training families (brightkite,citibike,metakv,twemcache,wiki2018), validation family=metacdn, held-out family=cloudphysics contributes ZERO rows",yes,no,frozen_supervision_objective_ablation_v1_grid,0,none,49.5389,ok,,supervision_objective_ablation_v1,objective_next_arrival,cloudphysics,cross_family_v1_cloudphysics,5080ca6b914484f06414edd3cd4e61b03f1c7a36828255f81565b0579670b2eb,ridge,evict_value_v1,v1,4,horizon_controlled_primary,brightkite;citibike;metakv;twemcache;wiki2018,metacdn,0
reviewer_fairness_v1,supervision_objective_ablation_objective_next_arrival,primary_controlled_window,native_pretrained_offline,n/a,cloudphysics_alibaba_block_head_50k,fedb3d31ee3c1dd847d25f967392cdf0fdec1e9c1fbb6808772e281bc8d4fb57,64,object_slots,unit,0,10000,10000,50000,10000,40000,1591,38409,0.960225,"processes_[0,10000)_then_scores_[10000,50000)",offline_pretrained_frozen_cross_family,"5 training families (brightkite,citibike,metakv,twemcache,wiki2018), validation family=metacdn, held-out family=cloudphysics contributes ZERO rows",yes,no,frozen_supervision_objective_ablation_v1_grid,0,none,180.7094,ok,,supervision_objective_ablation_v1,objective_next_arrival,cloudphysics,cross_family_v1_cloudphysics,5080ca6b914484f06414edd3cd4e61b03f1c7a36828255f81565b0579670b2eb,ridge,evict_value_v1,v1,4,horizon_controlled_primary,brightkite;citibike;metakv;twemcache;wiki2018,metacdn,0
reviewer_fairness_v1,supervision_objective_ablation_objective_next_arrival,primary_controlled_window,native_pretrained_offline,n/a,cloudphysics_alibaba_block_head_50k,fedb3d31ee3c1dd847d25f967392cdf0fdec1e9c1fbb6808772e281bc8d4fb57,128,object_slots,unit,0,10000,10000,50000,10000,40000,2170,37830,0.94575,"processes_[0,10000)_then_scores_[10000,50000)",offline_pretrained_frozen_cross_family,"5 training families (brightkite,citibike,metakv,twemcache,wiki2018), validation family=metacdn, held-out family=cloudphysics contributes ZERO rows",yes,no,frozen_supervision_objective_ablation_v1_grid,0,none,866.2581,ok,,supervision_objective_ablation_v1,objective_next_arrival,cloudphysics,cross_family_v1_cloudphysics,5080ca6b914484f06414edd3cd4e61b03f1c7a36828255f81565b0579670b2eb,ridge,evict_value_v1,v1,4,horizon_controlled_primary,brightkite;citibike;metakv;twemcache;wiki2018,metacdn,0
reviewer_fairness_v1,supervision_objective_ablation_objective_reuse_distance,primary_controlled_window,native_pretrained_offline,n/a,cloudphysics_alibaba_block_head_50k,fedb3d31ee3c1dd847d25f967392cdf0fdec1e9c1fbb6808772e281bc8d4fb57,32,object_slots,unit,0,10000,10000,50000,10000,40000,1052,38948,0.9737,"processes_[0,10000)_then_scores_[10000,50000)",offline_pretrained_frozen_cross_family,"5 training families (brightkite,citibike,metakv,twemcache,wiki2018), validation family=metacdn, held-out family=cloudphysics contributes ZERO rows",yes,no,frozen_supervision_objective_ablation_v1_grid,0,none,49.4445,ok,,supervision_objective_ablation_v1,objective_reuse_distance,cloudphysics,cross_family_v1_cloudphysics,299b06898cdb64b567796505725e794d9625148c81dc65c52a756737fef4d4bd,ridge,evict_value_v1,v1,4,horizon_controlled_primary,brightkite;citibike;metakv;twemcache;wiki2018,metacdn,0
reviewer_fairness_v1,supervision_objective_ablation_objective_reuse_distance,primary_controlled_window,native_pretrained_offline,n/a,cloudphysics_alibaba_block_head_50k,fedb3d31ee3c1dd847d25f967392cdf0fdec1e9c1fbb6808772e281bc8d4fb57,64,object_slots,unit,0,10000,10000,50000,10000,40000,1596,38404,0.9601,"processes_[0,10000)_then_scores_[10000,50000)",offline_pretrained_frozen_cross_family,"5 training families (brightkite,citibike,metakv,twemcache,wiki2018), validation family=metacdn, held-out family=cloudphysics contributes ZERO rows",yes,no,frozen_supervision_objective_ablation_v1_grid,0,none,180.4859,ok,,supervision_objective_ablation_v1,objective_reuse_distance,cloudphysics,cross_family_v1_cloudphysics,299b06898cdb64b567796505725e794d9625148c81dc65c52a756737fef4d4bd,ridge,evict_value_v1,v1,4,horizon_controlled_primary,brightkite;citibike;metakv;twemcache;wiki2018,metacdn,0
reviewer_fairness_v1,supervision_objective_ablation_objective_reuse_distance,primary_controlled_window,native_pretrained_offline,n/a,cloudphysics_alibaba_block_head_50k,fedb3d31ee3c1dd847d25f967392cdf0fdec1e9c1fbb6808772e281bc8d4fb57,128,object_slots,unit,0,10000,10000,50000,10000,40000,2157,37843,0.946075,"processes_[0,10000)_then_scores_[10000,50000)",offline_pretrained_frozen_cross_family,"5 training families (brightkite,citibike,metakv,twemcache,wiki2018), validation family=metacdn, held-out family=cloudphysics contributes ZERO rows",yes,no,frozen_supervision_objective_ablation_v1_grid,0,none,879.8847,ok,,supervision_objective_ablation_v1,objective_reuse_distance,cloudphysics,cross_family_v1_cloudphysics,299b06898cdb64b567796505725e794d9625148c81dc65c52a756737fef4d4bd,ridge,evict_value_v1,v1,4,horizon_controlled_primary,brightkite;citibike;metakv;twemcache;wiki2018,metacdn,0
reviewer_fairness_v1,supervision_objective_ablation_objective_pairwise,primary_controlled_window,native_pretrained_offline,n/a,cloudphysics_alibaba_block_head_50k,fedb3d31ee3c1dd847d25f967392cdf0fdec1e9c1fbb6808772e281bc8d4fb57,32,object_slots,unit,0,10000,10000,50000,10000,40000,558,39442,0.98605,"processes_[0,10000)_then_scores_[10000,50000)",offline_pretrained_frozen_cross_family,"5 training families (brightkite,citibike,metakv,twemcache,wiki2018), validation family=metacdn, held-out family=cloudphysics contributes ZERO rows",yes,no,frozen_supervision_objective_ablation_v1_grid,0,none,58.1572,ok,,supervision_objective_ablation_v1,objective_pairwise,cloudphysics,cross_family_v1_cloudphysics,162a2667d1bc52bb32b277280f0792a2708015789210fded340b924de9c2b1c8,shared_weight_mlp_pairwise,evict_value_v1,v1,4,horizon_controlled_primary,brightkite;citibike;metakv;twemcache;wiki2018,metacdn,0
reviewer_fairness_v1,supervision_objective_ablation_objective_pairwise,primary_controlled_window,native_pretrained_offline,n/a,cloudphysics_alibaba_block_head_50k,fedb3d31ee3c1dd847d25f967392cdf0fdec1e9c1fbb6808772e281bc8d4fb57,64,object_slots,unit,0,10000,10000,50000,10000,40000,1120,38880,0.972,"processes_[0,10000)_then_scores_[10000,50000)",offline_pretrained_frozen_cross_family,"5 training families (brightkite,citibike,metakv,twemcache,wiki2018), validation family=metacdn, held-out family=cloudphysics contributes ZERO rows",yes,no,frozen_supervision_objective_ablation_v1_grid,0,none,194.5747,ok,,supervision_objective_ablation_v1,objective_pairwise,cloudphysics,cross_family_v1_cloudphysics,162a2667d1bc52bb32b277280f0792a2708015789210fded340b924de9c2b1c8,shared_weight_mlp_pairwise,evict_value_v1,v1,4,horizon_controlled_primary,brightkite;citibike;metakv;twemcache;wiki2018,metacdn,0
reviewer_fairness_v1,supervision_objective_ablation_objective_pairwise,primary_controlled_window,native_pretrained_offline,n/a,cloudphysics_alibaba_block_head_50k,fedb3d31ee3c1dd847d25f967392cdf0fdec1e9c1fbb6808772e281bc8d4fb57,128,object_slots,unit,0,10000,10000,50000,10000,40000,1763,38237,0.955925,"processes_[0,10000)_then_scores_[10000,50000)",offline_pretrained_frozen_cross_family,"5 training families (brightkite,citibike,metakv,twemcache,wiki2018), validation family=metacdn, held-out family=cloudphysics contributes ZERO rows",yes,no,frozen_supervision_objective_ablation_v1_grid,0,none,904.6233,ok,,supervision_objective_ablation_v1,objective_pairwise,cloudphysics,cross_family_v1_cloudphysics,162a2667d1bc52bb32b277280f0792a2708015789210fded340b924de9c2b1c8,shared_weight_mlp_pairwise,evict_value_v1,v1,4,horizon_controlled_primary,brightkite;citibike;metakv;twemcache;wiki2018,metacdn,0
reviewer_fairness_v1,supervision_objective_ablation_objective_eviction_loss,primary_controlled_window,native_pretrained_offline,n/a,metacdn_cdn_202303_head_50k,7301f02e1373cb7e06f1ed2c417a8ebe16581319354780f811c8d032391f4e73,32,object_slots,unit,0,10000,10000,50000,10000,40000,8151,31849,0.796225,"processes_[0,10000)_then_scores_[10000,50000)",offline_pretrained_frozen_cross_family,"5 training families (brightkite,citibike,cloudphysics,twemcache,wiki2018), validation family=metakv, held-out family=metacdn contributes ZERO rows",yes,no,frozen_supervision_objective_ablation_v1_grid,0,none,45.6578,ok,,supervision_objective_ablation_v1,objective_eviction_loss,metacdn,cross_family_v1_metacdn,d4111f1e6aca557ebd2de2e836f120279f2818b167ee44765c294a81a1356fc3,hist_gb,evict_value_v1,v1,4,horizon_controlled_primary,brightkite;citibike;cloudphysics;twemcache;wiki2018,metakv,0
reviewer_fairness_v1,supervision_objective_ablation_objective_eviction_loss,primary_controlled_window,native_pretrained_offline,n/a,metacdn_cdn_202303_head_50k,7301f02e1373cb7e06f1ed2c417a8ebe16581319354780f811c8d032391f4e73,64,object_slots,unit,0,10000,10000,50000,10000,40000,8531,31469,0.786725,"processes_[0,10000)_then_scores_[10000,50000)",offline_pretrained_frozen_cross_family,"5 training families (brightkite,citibike,cloudphysics,twemcache,wiki2018), validation family=metakv, held-out family=metacdn contributes ZERO rows",yes,no,frozen_supervision_objective_ablation_v1_grid,0,none,150.2514,ok,,supervision_objective_ablation_v1,objective_eviction_loss,metacdn,cross_family_v1_metacdn,d4111f1e6aca557ebd2de2e836f120279f2818b167ee44765c294a81a1356fc3,hist_gb,evict_value_v1,v1,4,horizon_controlled_primary,brightkite;citibike;cloudphysics;twemcache;wiki2018,metakv,0
reviewer_fairness_v1,supervision_objective_ablation_objective_eviction_loss,primary_controlled_window,native_pretrained_offline,n/a,metacdn_cdn_202303_head_50k,7301f02e1373cb7e06f1ed2c417a8ebe16581319354780f811c8d032391f4e73,128,object_slots,unit,0,10000,10000,50000,10000,40000,16903,23097,0.577425,"processes_[0,10000)_then_scores_[10000,50000)",offline_pretrained_frozen_cross_family,"5 training families (brightkite,citibike,cloudphysics,twemcache,wiki2018), validation family=metakv, held-out family=metacdn contributes ZERO rows",yes,no,frozen_supervision_objective_ablation_v1_grid,0,none,511.1571,ok,,supervision_objective_ablation_v1,objective_eviction_loss,metacdn,cross_family_v1_metacdn,d4111f1e6aca557ebd2de2e836f120279f2818b167ee44765c294a81a1356fc3,hist_gb,evict_value_v1,v1,4,horizon_controlled_primary,brightkite;citibike;cloudphysics;twemcache;wiki2018,metakv,0
reviewer_fairness_v1,supervision_objective_ablation_objective_next_arrival,primary_controlled_window,native_pretrained_offline,n/a,metacdn_cdn_202303_head_50k,7301f02e1373cb7e06f1ed2c417a8ebe16581319354780f811c8d032391f4e73,32,object_slots,unit,0,10000,10000,50000,10000,40000,16624,23376,0.5844,"processes_[0,10000)_then_scores_[10000,50000)",offline_pretrained_frozen_cross_family,"5 training families (brightkite,citibike,cloudphysics,twemcache,wiki2018), validation family=metakv, held-out family=metacdn contributes ZERO rows",yes,no,frozen_supervision_objective_ablation_v1_grid,0,none,100.4388,ok,,supervision_objective_ablation_v1,objective_next_arrival,metacdn,cross_family_v1_metacdn,e245da9c4b73cc3313f2e11147992306d7f01db6ba19a83bfbe265126dfdb45c,random_forest,evict_value_v1,v1,4,horizon_controlled_primary,brightkite;citibike;cloudphysics;twemcache;wiki2018,metakv,0
reviewer_fairness_v1,supervision_objective_ablation_objective_next_arrival,primary_controlled_window,native_pretrained_offline,n/a,metacdn_cdn_202303_head_50k,7301f02e1373cb7e06f1ed2c417a8ebe16581319354780f811c8d032391f4e73,64,object_slots,unit,0,10000,10000,50000,10000,40000,17294,22706,0.56765,"processes_[0,10000)_then_scores_[10000,50000)",offline_pretrained_frozen_cross_family,"5 training families (brightkite,citibike,cloudphysics,twemcache,wiki2018), validation family=metakv, held-out family=metacdn contributes ZERO rows",yes,no,frozen_supervision_objective_ablation_v1_grid,0,none,177.3595,ok,,supervision_objective_ablation_v1,objective_next_arrival,metacdn,cross_family_v1_metacdn,e245da9c4b73cc3313f2e11147992306d7f01db6ba19a83bfbe265126dfdb45c,random_forest,evict_value_v1,v1,4,horizon_controlled_primary,brightkite;citibike;cloudphysics;twemcache;wiki2018,metakv,0
reviewer_fairness_v1,supervision_objective_ablation_objective_next_arrival,primary_controlled_window,native_pretrained_offline,n/a,metacdn_cdn_202303_head_50k,7301f02e1373cb7e06f1ed2c417a8ebe16581319354780f811c8d032391f4e73,128,object_slots,unit,0,10000,10000,50000,10000,40000,16595,23405,0.585125,"processes_[0,10000)_then_scores_[10000,50000)",offline_pretrained_frozen_cross_family,"5 training families (brightkite,citibike,cloudphysics,twemcache,wiki2018), validation family=metakv, held-out family=metacdn contributes ZERO rows",yes,no,frozen_supervision_objective_ablation_v1_grid,0,none,590.4959,ok,,supervision_objective_ablation_v1,objective_next_arrival,metacdn,cross_family_v1_metacdn,e245da9c4b73cc3313f2e11147992306d7f01db6ba19a83bfbe265126dfdb45c,random_forest,evict_value_v1,v1,4,horizon_controlled_primary,brightkite;citibike;cloudphysics;twemcache;wiki2018,metakv,0
reviewer_fairness_v1,supervision_objective_ablation_objective_reuse_distance,primary_controlled_window,native_pretrained_offline,n/a,metacdn_cdn_202303_head_50k,7301f02e1373cb7e06f1ed2c417a8ebe16581319354780f811c8d032391f4e73,32,object_slots,unit,0,10000,10000,50000,10000,40000,16338,23662,0.59155,"processes_[0,10000)_then_scores_[10000,50000)",offline_pretrained_frozen_cross_family,"5 training families (brightkite,citibike,cloudphysics,twemcache,wiki2018), validation family=metakv, held-out family=metacdn contributes ZERO rows",yes,no,frozen_supervision_objective_ablation_v1_grid,0,none,31.3865,ok,,supervision_objective_ablation_v1,objective_reuse_distance,metacdn,cross_family_v1_metacdn,fac432144d3cf8739dea0ff80c7b4054b5b4e6bd0b333309ba8de17a6d061448,hist_gb,evict_value_v1,v1,4,horizon_controlled_primary,brightkite;citibike;cloudphysics;twemcache;wiki2018,metakv,0
reviewer_fairness_v1,supervision_objective_ablation_objective_reuse_distance,primary_controlled_window,native_pretrained_offline,n/a,metacdn_cdn_202303_head_50k,7301f02e1373cb7e06f1ed2c417a8ebe16581319354780f811c8d032391f4e73,64,object_slots,unit,0,10000,10000,50000,10000,40000,16993,23007,0.575175,"processes_[0,10000)_then_scores_[10000,50000)",offline_pretrained_frozen_cross_family,"5 training families (brightkite,citibike,cloudphysics,twemcache,wiki2018), validation family=metakv, held-out family=metacdn contributes ZERO rows",yes,no,frozen_supervision_objective_ablation_v1_grid,0,none,107.732,ok,,supervision_objective_ablation_v1,objective_reuse_distance,metacdn,cross_family_v1_metacdn,fac432144d3cf8739dea0ff80c7b4054b5b4e6bd0b333309ba8de17a6d061448,hist_gb,evict_value_v1,v1,4,horizon_controlled_primary,brightkite;citibike;cloudphysics;twemcache;wiki2018,metakv,0
reviewer_fairness_v1,supervision_objective_ablation_objective_reuse_distance,primary_controlled_window,native_pretrained_offline,n/a,metacdn_cdn_202303_head_50k,7301f02e1373cb7e06f1ed2c417a8ebe16581319354780f811c8d032391f4e73,128,object_slots,unit,0,10000,10000,50000,10000,40000,17702,22298,0.55745,"processes_[0,10000)_then_scores_[10000,50000)",offline_pretrained_frozen_cross_family,"5 training families (brightkite,citibike,cloudphysics,twemcache,wiki2018), validation family=metakv, held-out family=metacdn contributes ZERO rows",yes,no,frozen_supervision_objective_ablation_v1_grid,0,none,489.7471,ok,,supervision_objective_ablation_v1,objective_reuse_distance,metacdn,cross_family_v1_metacdn,fac432144d3cf8739dea0ff80c7b4054b5b4e6bd0b333309ba8de17a6d061448,hist_gb,evict_value_v1,v1,4,horizon_controlled_primary,brightkite;citibike;cloudphysics;twemcache;wiki2018,metakv,0
reviewer_fairness_v1,supervision_objective_ablation_objective_pairwise,primary_controlled_window,native_pretrained_offline,n/a,metacdn_cdn_202303_head_50k,7301f02e1373cb7e06f1ed2c417a8ebe16581319354780f811c8d032391f4e73,32,object_slots,unit,0,10000,10000,50000,10000,40000,16793,23207,0.580175,"processes_[0,10000)_then_scores_[10000,50000)",offline_pretrained_frozen_cross_family,"5 training families (brightkite,citibike,cloudphysics,twemcache,wiki2018), validation family=metakv, held-out family=metacdn contributes ZERO rows",yes,no,frozen_supervision_objective_ablation_v1_grid,0,none,35.5023,ok,,supervision_objective_ablation_v1,objective_pairwise,metacdn,cross_family_v1_metacdn,9feb9caddc6a1061b78c0fb8ab1f61271d988cafcd219da8b4eaa65521745ed4,shared_weight_mlp_pairwise,evict_value_v1,v1,4,horizon_controlled_primary,brightkite;citibike;cloudphysics;twemcache;wiki2018,metakv,0
reviewer_fairness_v1,supervision_objective_ablation_objective_pairwise,primary_controlled_window,native_pretrained_offline,n/a,metacdn_cdn_202303_head_50k,7301f02e1373cb7e06f1ed2c417a8ebe16581319354780f811c8d032391f4e73,64,object_slots,unit,0,10000,10000,50000,10000,40000,17414,22586,0.56465,"processes_[0,10000)_then_scores_[10000,50000)",offline_pretrained_frozen_cross_family,"5 training families (brightkite,citibike,cloudphysics,twemcache,wiki2018), validation family=metakv, held-out family=metacdn contributes ZERO rows",yes,no,frozen_supervision_objective_ablation_v1_grid,0,none,114.4354,ok,,supervision_objective_ablation_v1,objective_pairwise,metacdn,cross_family_v1_metacdn,9feb9caddc6a1061b78c0fb8ab1f61271d988cafcd219da8b4eaa65521745ed4,shared_weight_mlp_pairwise,evict_value_v1,v1,4,horizon_controlled_primary,brightkite;citibike;cloudphysics;twemcache;wiki2018,metakv,0
reviewer_fairness_v1,supervision_objective_ablation_objective_pairwise,primary_controlled_window,native_pretrained_offline,n/a,metacdn_cdn_202303_head_50k,7301f02e1373cb7e06f1ed2c417a8ebe16581319354780f811c8d032391f4e73,128,object_slots,unit,0,10000,10000,50000,10000,40000,18048,21952,0.5488,"processes_[0,10000)_then_scores_[10000,50000)",offline_pretrained_frozen_cross_family,"5 training families (brightkite,citibike,cloudphysics,twemcache,wiki2018), validation family=metakv, held-out family=metacdn contributes ZERO rows",yes,no,frozen_supervision_objective_ablation_v1_grid,0,none,503.6291,ok,,supervision_objective_ablation_v1,objective_pairwise,metacdn,cross_family_v1_metacdn,9feb9caddc6a1061b78c0fb8ab1f61271d988cafcd219da8b4eaa65521745ed4,shared_weight_mlp_pairwise,evict_value_v1,v1,4,horizon_controlled_primary,brightkite;citibike;cloudphysics;twemcache;wiki2018,metakv,0
reviewer_fairness_v1,supervision_objective_ablation_objective_eviction_loss,primary_controlled_window,native_pretrained_offline,n/a,metakv_kvcache_202206_head_50k,4c229e841d546cd57a2edb6e3ddc53461ff4dc03d366e9d24e4239a89db7e0de,32,object_slots,unit,0,10000,10000,50000,10000,40000,9432,30568,0.7642,"processes_[0,10000)_then_scores_[10000,50000)",offline_pretrained_frozen_cross_family,"5 training families (brightkite,citibike,cloudphysics,metacdn,wiki2018), validation family=twemcache, held-out family=metakv contributes ZERO rows",yes,no,frozen_supervision_objective_ablation_v1_grid,0,none,59.4818,ok,,supervision_objective_ablation_v1,objective_eviction_loss,metakv,cross_family_v1_metakv,a5e74b10eb5b2eedd15583040e9c9e23ade0c9e6b2b99b7cf7a3cf51a631180d,hist_gb,evict_value_v1,v1,4,horizon_controlled_primary,brightkite;citibike;cloudphysics;metacdn;wiki2018,twemcache,0
reviewer_fairness_v1,supervision_objective_ablation_objective_eviction_loss,primary_controlled_window,native_pretrained_offline,n/a,metakv_kvcache_202206_head_50k,4c229e841d546cd57a2edb6e3ddc53461ff4dc03d366e9d24e4239a89db7e0de,64,object_slots,unit,0,10000,10000,50000,10000,40000,9346,30654,0.76635,"processes_[0,10000)_then_scores_[10000,50000)",offline_pretrained_frozen_cross_family,"5 training families (brightkite,citibike,cloudphysics,metacdn,wiki2018), validation family=twemcache, held-out family=metakv contributes ZERO rows",yes,no,frozen_supervision_objective_ablation_v1_grid,0,none,176.5275,ok,,supervision_objective_ablation_v1,objective_eviction_loss,metakv,cross_family_v1_metakv,a5e74b10eb5b2eedd15583040e9c9e23ade0c9e6b2b99b7cf7a3cf51a631180d,hist_gb,evict_value_v1,v1,4,horizon_controlled_primary,brightkite;citibike;cloudphysics;metacdn;wiki2018,twemcache,0
reviewer_fairness_v1,supervision_objective_ablation_objective_eviction_loss,primary_controlled_window,native_pretrained_offline,n/a,metakv_kvcache_202206_head_50k,4c229e841d546cd57a2edb6e3ddc53461ff4dc03d366e9d24e4239a89db7e0de,128,object_slots,unit,0,10000,10000,50000,10000,40000,9461,30539,0.763475,"processes_[0,10000)_then_scores_[10000,50000)",offline_pretrained_frozen_cross_family,"5 training families (brightkite,citibike,cloudphysics,metacdn,wiki2018), validation family=twemcache, held-out family=metakv contributes ZERO rows",yes,no,frozen_supervision_objective_ablation_v1_grid,0,none,794.6002,ok,,supervision_objective_ablation_v1,objective_eviction_loss,metakv,cross_family_v1_metakv,a5e74b10eb5b2eedd15583040e9c9e23ade0c9e6b2b99b7cf7a3cf51a631180d,hist_gb,evict_value_v1,v1,4,horizon_controlled_primary,brightkite;citibike;cloudphysics;metacdn;wiki2018,twemcache,0
reviewer_fairness_v1,supervision_objective_ablation_objective_next_arrival,primary_controlled_window,native_pretrained_offline,n/a,metakv_kvcache_202206_head_50k,4c229e841d546cd57a2edb6e3ddc53461ff4dc03d366e9d24e4239a89db7e0de,32,object_slots,unit,0,10000,10000,50000,10000,40000,9432,30568,0.7642,"processes_[0,10000)_then_scores_[10000,50000)",offline_pretrained_frozen_cross_family,"5 training families (brightkite,citibike,cloudphysics,metacdn,wiki2018), validation family=twemcache, held-out family=metakv contributes ZERO rows",yes,no,frozen_supervision_objective_ablation_v1_grid,0,none,39.9957,ok,,supervision_objective_ablation_v1,objective_next_arrival,metakv,cross_family_v1_metakv,259f4e6389c33225f0c0e06f43329ee013d03df4d80c2fff3cddfd57733771af,ridge,evict_value_v1,v1,4,horizon_controlled_primary,brightkite;citibike;cloudphysics;metacdn;wiki2018,twemcache,0
reviewer_fairness_v1,supervision_objective_ablation_objective_next_arrival,primary_controlled_window,native_pretrained_offline,n/a,metakv_kvcache_202206_head_50k,4c229e841d546cd57a2edb6e3ddc53461ff4dc03d366e9d24e4239a89db7e0de,64,object_slots,unit,0,10000,10000,50000,10000,40000,9448,30552,0.7638,"processes_[0,10000)_then_scores_[10000,50000)",offline_pretrained_frozen_cross_family,"5 training families (brightkite,citibike,cloudphysics,metacdn,wiki2018), validation family=twemcache, held-out family=metakv contributes ZERO rows",yes,no,frozen_supervision_objective_ablation_v1_grid,0,none,151.6228,ok,,supervision_objective_ablation_v1,objective_next_arrival,metakv,cross_family_v1_metakv,259f4e6389c33225f0c0e06f43329ee013d03df4d80c2fff3cddfd57733771af,ridge,evict_value_v1,v1,4,horizon_controlled_primary,brightkite;citibike;cloudphysics;metacdn;wiki2018,twemcache,0
reviewer_fairness_v1,supervision_objective_ablation_objective_next_arrival,primary_controlled_window,native_pretrained_offline,n/a,metakv_kvcache_202206_head_50k,4c229e841d546cd57a2edb6e3ddc53461ff4dc03d366e9d24e4239a89db7e0de,128,object_slots,unit,0,10000,10000,50000,10000,40000,9460,30540,0.7635,"processes_[0,10000)_then_scores_[10000,50000)",offline_pretrained_frozen_cross_family,"5 training families (brightkite,citibike,cloudphysics,metacdn,wiki2018), validation family=twemcache, held-out family=metakv contributes ZERO rows",yes,no,frozen_supervision_objective_ablation_v1_grid,0,none,759.1175,ok,,supervision_objective_ablation_v1,objective_next_arrival,metakv,cross_family_v1_metakv,259f4e6389c33225f0c0e06f43329ee013d03df4d80c2fff3cddfd57733771af,ridge,evict_value_v1,v1,4,horizon_controlled_primary,brightkite;citibike;cloudphysics;metacdn;wiki2018,twemcache,0
reviewer_fairness_v1,supervision_objective_ablation_objective_reuse_distance,primary_controlled_window,native_pretrained_offline,n/a,metakv_kvcache_202206_head_50k,4c229e841d546cd57a2edb6e3ddc53461ff4dc03d366e9d24e4239a89db7e0de,32,object_slots,unit,0,10000,10000,50000,10000,40000,9432,30568,0.7642,"processes_[0,10000)_then_scores_[10000,50000)",offline_pretrained_frozen_cross_family,"5 training families (brightkite,citibike,cloudphysics,metacdn,wiki2018), validation family=twemcache, held-out family=metakv contributes ZERO rows",yes,no,frozen_supervision_objective_ablation_v1_grid,0,none,39.8451,ok,,supervision_objective_ablation_v1,objective_reuse_distance,metakv,cross_family_v1_metakv,29bb2b158d27bbbf745128e41465c6a6b482d45bf60e732e49d31d86dd2ad4e8,ridge,evict_value_v1,v1,4,horizon_controlled_primary,brightkite;citibike;cloudphysics;metacdn;wiki2018,twemcache,0
reviewer_fairness_v1,supervision_objective_ablation_objective_reuse_distance,primary_controlled_window,native_pretrained_offline,n/a,metakv_kvcache_202206_head_50k,4c229e841d546cd57a2edb6e3ddc53461ff4dc03d366e9d24e4239a89db7e0de,64,object_slots,unit,0,10000,10000,50000,10000,40000,9454,30546,0.76365,"processes_[0,10000)_then_scores_[10000,50000)",offline_pretrained_frozen_cross_family,"5 training families (brightkite,citibike,cloudphysics,metacdn,wiki2018), validation family=twemcache, held-out family=metakv contributes ZERO rows",yes,no,frozen_supervision_objective_ablation_v1_grid,0,none,151.4356,ok,,supervision_objective_ablation_v1,objective_reuse_distance,metakv,cross_family_v1_metakv,29bb2b158d27bbbf745128e41465c6a6b482d45bf60e732e49d31d86dd2ad4e8,ridge,evict_value_v1,v1,4,horizon_controlled_primary,brightkite;citibike;cloudphysics;metacdn;wiki2018,twemcache,0
reviewer_fairness_v1,supervision_objective_ablation_objective_reuse_distance,primary_controlled_window,native_pretrained_offline,n/a,metakv_kvcache_202206_head_50k,4c229e841d546cd57a2edb6e3ddc53461ff4dc03d366e9d24e4239a89db7e0de,128,object_slots,unit,0,10000,10000,50000,10000,40000,9460,30540,0.7635,"processes_[0,10000)_then_scores_[10000,50000)",offline_pretrained_frozen_cross_family,"5 training families (brightkite,citibike,cloudphysics,metacdn,wiki2018), validation family=twemcache, held-out family=metakv contributes ZERO rows",yes,no,frozen_supervision_objective_ablation_v1_grid,0,none,756.6033,ok,,supervision_objective_ablation_v1,objective_reuse_distance,metakv,cross_family_v1_metakv,29bb2b158d27bbbf745128e41465c6a6b482d45bf60e732e49d31d86dd2ad4e8,ridge,evict_value_v1,v1,4,horizon_controlled_primary,brightkite;citibike;cloudphysics;metacdn;wiki2018,twemcache,0
reviewer_fairness_v1,supervision_objective_ablation_objective_pairwise,primary_controlled_window,native_pretrained_offline,n/a,metakv_kvcache_202206_head_50k,4c229e841d546cd57a2edb6e3ddc53461ff4dc03d366e9d24e4239a89db7e0de,32,object_slots,unit,0,10000,10000,50000,10000,40000,9431,30569,0.764225,"processes_[0,10000)_then_scores_[10000,50000)",offline_pretrained_frozen_cross_family,"5 training families (brightkite,citibike,cloudphysics,metacdn,wiki2018), validation family=twemcache, held-out family=metakv contributes ZERO rows",yes,no,frozen_supervision_objective_ablation_v1_grid,0,none,44.723,ok,,supervision_objective_ablation_v1,objective_pairwise,metakv,cross_family_v1_metakv,0cb426d3317e7f9cde35f8849777053ccbb5332e44ada51d62fb354735a8aac7,shared_weight_mlp_pairwise,evict_value_v1,v1,4,horizon_controlled_primary,brightkite;citibike;cloudphysics;metacdn;wiki2018,twemcache,0
reviewer_fairness_v1,supervision_objective_ablation_objective_pairwise,primary_controlled_window,native_pretrained_offline,n/a,metakv_kvcache_202206_head_50k,4c229e841d546cd57a2edb6e3ddc53461ff4dc03d366e9d24e4239a89db7e0de,64,object_slots,unit,0,10000,10000,50000,10000,40000,9448,30552,0.7638,"processes_[0,10000)_then_scores_[10000,50000)",offline_pretrained_frozen_cross_family,"5 training families (brightkite,citibike,cloudphysics,metacdn,wiki2018), validation family=twemcache, held-out family=metakv contributes ZERO rows",yes,no,frozen_supervision_objective_ablation_v1_grid,0,none,155.2979,ok,,supervision_objective_ablation_v1,objective_pairwise,metakv,cross_family_v1_metakv,0cb426d3317e7f9cde35f8849777053ccbb5332e44ada51d62fb354735a8aac7,shared_weight_mlp_pairwise,evict_value_v1,v1,4,horizon_controlled_primary,brightkite;citibike;cloudphysics;metacdn;wiki2018,twemcache,0
reviewer_fairness_v1,supervision_objective_ablation_objective_pairwise,primary_controlled_window,native_pretrained_offline,n/a,metakv_kvcache_202206_head_50k,4c229e841d546cd57a2edb6e3ddc53461ff4dc03d366e9d24e4239a89db7e0de,128,object_slots,unit,0,10000,10000,50000,10000,40000,9461,30539,0.763475,"processes_[0,10000)_then_scores_[10000,50000)",offline_pretrained_frozen_cross_family,"5 training families (brightkite,citibike,cloudphysics,metacdn,wiki2018), validation family=twemcache, held-out family=metakv contributes ZERO rows",yes,no,frozen_supervision_objective_ablation_v1_grid,0,none,756.336,ok,,supervision_objective_ablation_v1,objective_pairwise,metakv,cross_family_v1_metakv,0cb426d3317e7f9cde35f8849777053ccbb5332e44ada51d62fb354735a8aac7,shared_weight_mlp_pairwise,evict_value_v1,v1,4,horizon_controlled_primary,brightkite;citibike;cloudphysics;metacdn;wiki2018,twemcache,0
reviewer_fairness_v1,supervision_objective_ablation_objective_eviction_loss,primary_controlled_window,native_pretrained_offline,n/a,twemcache_cluster26_sample100_50k,62df27062ce2595c843fd91e01d26c9783ff8f165f6b26e983696eda7ada0bb9,32,object_slots,unit,0,10000,10000,50000,10000,40000,5987,34013,0.850325,"processes_[0,10000)_then_scores_[10000,50000)",offline_pretrained_frozen_cross_family,"5 training families (brightkite,citibike,cloudphysics,metacdn,metakv), validation family=wiki2018, held-out family=twemcache contributes ZERO rows",yes,no,frozen_supervision_objective_ablation_v1_grid,0,none,140.0849,ok,,supervision_objective_ablation_v1,objective_eviction_loss,twemcache,cross_family_v1_twemcache,ca4da18f17ba7d3131437e2d39dac5ddd1e109b78450e530efd1f9785827e6c9,random_forest,evict_value_v1,v1,4,horizon_controlled_primary,brightkite;citibike;cloudphysics;metacdn;metakv,wiki2018,0
reviewer_fairness_v1,supervision_objective_ablation_objective_eviction_loss,primary_controlled_window,native_pretrained_offline,n/a,twemcache_cluster26_sample100_50k,62df27062ce2595c843fd91e01d26c9783ff8f165f6b26e983696eda7ada0bb9,64,object_slots,unit,0,10000,10000,50000,10000,40000,10202,29798,0.74495,"processes_[0,10000)_then_scores_[10000,50000)",offline_pretrained_frozen_cross_family,"5 training families (brightkite,citibike,cloudphysics,metacdn,metakv), validation family=wiki2018, held-out family=twemcache contributes ZERO rows",yes,no,frozen_supervision_objective_ablation_v1_grid,0,none,224.1866,ok,,supervision_objective_ablation_v1,objective_eviction_loss,twemcache,cross_family_v1_twemcache,ca4da18f17ba7d3131437e2d39dac5ddd1e109b78450e530efd1f9785827e6c9,random_forest,evict_value_v1,v1,4,horizon_controlled_primary,brightkite;citibike;cloudphysics;metacdn;metakv,wiki2018,0
reviewer_fairness_v1,supervision_objective_ablation_objective_eviction_loss,primary_controlled_window,native_pretrained_offline,n/a,twemcache_cluster26_sample100_50k,62df27062ce2595c843fd91e01d26c9783ff8f165f6b26e983696eda7ada0bb9,128,object_slots,unit,0,10000,10000,50000,10000,40000,12515,27485,0.687125,"processes_[0,10000)_then_scores_[10000,50000)",offline_pretrained_frozen_cross_family,"5 training families (brightkite,citibike,cloudphysics,metacdn,metakv), validation family=wiki2018, held-out family=twemcache contributes ZERO rows",yes,no,frozen_supervision_objective_ablation_v1_grid,0,none,678.9985,ok,,supervision_objective_ablation_v1,objective_eviction_loss,twemcache,cross_family_v1_twemcache,ca4da18f17ba7d3131437e2d39dac5ddd1e109b78450e530efd1f9785827e6c9,random_forest,evict_value_v1,v1,4,horizon_controlled_primary,brightkite;citibike;cloudphysics;metacdn;metakv,wiki2018,0
reviewer_fairness_v1,supervision_objective_ablation_objective_next_arrival,primary_controlled_window,native_pretrained_offline,n/a,twemcache_cluster26_sample100_50k,62df27062ce2595c843fd91e01d26c9783ff8f165f6b26e983696eda7ada0bb9,32,object_slots,unit,0,10000,10000,50000,10000,40000,6424,33576,0.8394,"processes_[0,10000)_then_scores_[10000,50000)",offline_pretrained_frozen_cross_family,"5 training families (brightkite,citibike,cloudphysics,metacdn,metakv), validation family=wiki2018, held-out family=twemcache contributes ZERO rows",yes,no,frozen_supervision_objective_ablation_v1_grid,0,none,46.8403,ok,,supervision_objective_ablation_v1,objective_next_arrival,twemcache,cross_family_v1_twemcache,cf4e8e428fa1c1160b999e1c4b0339c0a35d9a1a943d41099f297698990efad4,hist_gb,evict_value_v1,v1,4,horizon_controlled_primary,brightkite;citibike;cloudphysics;metacdn;metakv,wiki2018,0
reviewer_fairness_v1,supervision_objective_ablation_objective_next_arrival,primary_controlled_window,native_pretrained_offline,n/a,twemcache_cluster26_sample100_50k,62df27062ce2595c843fd91e01d26c9783ff8f165f6b26e983696eda7ada0bb9,64,object_slots,unit,0,10000,10000,50000,10000,40000,9742,30258,0.75645,"processes_[0,10000)_then_scores_[10000,50000)",offline_pretrained_frozen_cross_family,"5 training families (brightkite,citibike,cloudphysics,metacdn,metakv), validation family=wiki2018, held-out family=twemcache contributes ZERO rows",yes,no,frozen_supervision_objective_ablation_v1_grid,0,none,141.9829,ok,,supervision_objective_ablation_v1,objective_next_arrival,twemcache,cross_family_v1_twemcache,cf4e8e428fa1c1160b999e1c4b0339c0a35d9a1a943d41099f297698990efad4,hist_gb,evict_value_v1,v1,4,horizon_controlled_primary,brightkite;citibike;cloudphysics;metacdn;metakv,wiki2018,0
reviewer_fairness_v1,supervision_objective_ablation_objective_next_arrival,primary_controlled_window,native_pretrained_offline,n/a,twemcache_cluster26_sample100_50k,62df27062ce2595c843fd91e01d26c9783ff8f165f6b26e983696eda7ada0bb9,128,object_slots,unit,0,10000,10000,50000,10000,40000,13904,26096,0.6524,"processes_[0,10000)_then_scores_[10000,50000)",offline_pretrained_frozen_cross_family,"5 training families (brightkite,citibike,cloudphysics,metacdn,metakv), validation family=wiki2018, held-out family=twemcache contributes ZERO rows",yes,no,frozen_supervision_objective_ablation_v1_grid,0,none,566.2299,ok,,supervision_objective_ablation_v1,objective_next_arrival,twemcache,cross_family_v1_twemcache,cf4e8e428fa1c1160b999e1c4b0339c0a35d9a1a943d41099f297698990efad4,hist_gb,evict_value_v1,v1,4,horizon_controlled_primary,brightkite;citibike;cloudphysics;metacdn;metakv,wiki2018,0
reviewer_fairness_v1,supervision_objective_ablation_objective_reuse_distance,primary_controlled_window,native_pretrained_offline,n/a,twemcache_cluster26_sample100_50k,62df27062ce2595c843fd91e01d26c9783ff8f165f6b26e983696eda7ada0bb9,32,object_slots,unit,0,10000,10000,50000,10000,40000,7069,32931,0.823275,"processes_[0,10000)_then_scores_[10000,50000)",offline_pretrained_frozen_cross_family,"5 training families (brightkite,citibike,cloudphysics,metacdn,metakv), validation family=wiki2018, held-out family=twemcache contributes ZERO rows",yes,no,frozen_supervision_objective_ablation_v1_grid,0,none,45.9343,ok,,supervision_objective_ablation_v1,objective_reuse_distance,twemcache,cross_family_v1_twemcache,b767ec5e8652f20637a24fdcef1bb622d412ca8df9fdbbf1d3ca757a82c211e4,hist_gb,evict_value_v1,v1,4,horizon_controlled_primary,brightkite;citibike;cloudphysics;metacdn;metakv,wiki2018,0
reviewer_fairness_v1,supervision_objective_ablation_objective_reuse_distance,primary_controlled_window,native_pretrained_offline,n/a,twemcache_cluster26_sample100_50k,62df27062ce2595c843fd91e01d26c9783ff8f165f6b26e983696eda7ada0bb9,64,object_slots,unit,0,10000,10000,50000,10000,40000,9950,30050,0.75125,"processes_[0,10000)_then_scores_[10000,50000)",offline_pretrained_frozen_cross_family,"5 training families (brightkite,citibike,cloudphysics,metacdn,metakv), validation family=wiki2018, held-out family=twemcache contributes ZERO rows",yes,no,frozen_supervision_objective_ablation_v1_grid,0,none,141.0113,ok,,supervision_objective_ablation_v1,objective_reuse_distance,twemcache,cross_family_v1_twemcache,b767ec5e8652f20637a24fdcef1bb622d412ca8df9fdbbf1d3ca757a82c211e4,hist_gb,evict_value_v1,v1,4,horizon_controlled_primary,brightkite;citibike;cloudphysics;metacdn;metakv,wiki2018,0
reviewer_fairness_v1,supervision_objective_ablation_objective_reuse_distance,primary_controlled_window,native_pretrained_offline,n/a,twemcache_cluster26_sample100_50k,62df27062ce2595c843fd91e01d26c9783ff8f165f6b26e983696eda7ada0bb9,128,object_slots,unit,0,10000,10000,50000,10000,40000,14144,25856,0.6464,"processes_[0,10000)_then_scores_[10000,50000)",offline_pretrained_frozen_cross_family,"5 training families (brightkite,citibike,cloudphysics,metacdn,metakv), validation family=wiki2018, held-out family=twemcache contributes ZERO rows",yes,no,frozen_supervision_objective_ablation_v1_grid,0,none,559.1194,ok,,supervision_objective_ablation_v1,objective_reuse_distance,twemcache,cross_family_v1_twemcache,b767ec5e8652f20637a24fdcef1bb622d412ca8df9fdbbf1d3ca757a82c211e4,hist_gb,evict_value_v1,v1,4,horizon_controlled_primary,brightkite;citibike;cloudphysics;metacdn;metakv,wiki2018,0
reviewer_fairness_v1,supervision_objective_ablation_objective_pairwise,primary_controlled_window,native_pretrained_offline,n/a,twemcache_cluster26_sample100_50k,62df27062ce2595c843fd91e01d26c9783ff8f165f6b26e983696eda7ada0bb9,32,object_slots,unit,0,10000,10000,50000,10000,40000,9977,30023,0.750575,"processes_[0,10000)_then_scores_[10000,50000)",offline_pretrained_frozen_cross_family,"5 training families (brightkite,citibike,cloudphysics,metacdn,metakv), validation family=wiki2018, held-out family=twemcache contributes ZERO rows",yes,no,frozen_supervision_objective_ablation_v1_grid,0,none,42.7964,ok,,supervision_objective_ablation_v1,objective_pairwise,twemcache,cross_family_v1_twemcache,de40abe51f0d857af3a48f9bb409f35d3a3f9919260dcb5382d1f54eb6cbb462,shared_weight_mlp_pairwise,evict_value_v1,v1,4,horizon_controlled_primary,brightkite;citibike;cloudphysics;metacdn;metakv,wiki2018,0
reviewer_fairness_v1,supervision_objective_ablation_objective_pairwise,primary_controlled_window,native_pretrained_offline,n/a,twemcache_cluster26_sample100_50k,62df27062ce2595c843fd91e01d26c9783ff8f165f6b26e983696eda7ada0bb9,64,object_slots,unit,0,10000,10000,50000,10000,40000,12350,27650,0.69125,"processes_[0,10000)_then_scores_[10000,50000)",offline_pretrained_frozen_cross_family,"5 training families (brightkite,citibike,cloudphysics,metacdn,metakv), validation family=wiki2018, held-out family=twemcache contributes ZERO rows",yes,no,frozen_supervision_objective_ablation_v1_grid,0,none,129.7561,ok,,supervision_objective_ablation_v1,objective_pairwise,twemcache,cross_family_v1_twemcache,de40abe51f0d857af3a48f9bb409f35d3a3f9919260dcb5382d1f54eb6cbb462,shared_weight_mlp_pairwise,evict_value_v1,v1,4,horizon_controlled_primary,brightkite;citibike;cloudphysics;metacdn;metakv,wiki2018,0
reviewer_fairness_v1,supervision_objective_ablation_objective_pairwise,primary_controlled_window,native_pretrained_offline,n/a,twemcache_cluster26_sample100_50k,62df27062ce2595c843fd91e01d26c9783ff8f165f6b26e983696eda7ada0bb9,128,object_slots,unit,0,10000,10000,50000,10000,40000,15087,24913,0.622825,"processes_[0,10000)_then_scores_[10000,50000)",offline_pretrained_frozen_cross_family,"5 training families (brightkite,citibike,cloudphysics,metacdn,metakv), validation family=wiki2018, held-out family=twemcache contributes ZERO rows",yes,no,frozen_supervision_objective_ablation_v1_grid,0,none,537.3833,ok,,supervision_objective_ablation_v1,objective_pairwise,twemcache,cross_family_v1_twemcache,de40abe51f0d857af3a48f9bb409f35d3a3f9919260dcb5382d1f54eb6cbb462,shared_weight_mlp_pairwise,evict_value_v1,v1,4,horizon_controlled_primary,brightkite;citibike;cloudphysics;metacdn;metakv,wiki2018,0
reviewer_fairness_v1,supervision_objective_ablation_objective_eviction_loss,primary_controlled_window,native_pretrained_offline,n/a,wiki2018_pageviews_en_50k,3813084bebfcf463ac22a685494b46aea45aded55d314411c9fbb058b5d67608,32,object_slots,unit,0,10000,10000,50000,10000,40000,0,40000,1.0,"processes_[0,10000)_then_scores_[10000,50000)",offline_pretrained_frozen_cross_family,"5 training families (citibike,cloudphysics,metacdn,metakv,twemcache), validation family=brightkite, held-out family=wiki2018 contributes ZERO rows",yes,no,frozen_supervision_objective_ablation_v1_grid,0,none,64.4759,ok,,supervision_objective_ablation_v1,objective_eviction_loss,wiki2018,cross_family_v1_wiki2018,7ec9108b0bbc8b7f29e9f8ba3c21d91b948bd00ac142c36449a96907e246f856,hist_gb,evict_value_v1,v1,4,horizon_controlled_primary,citibike;cloudphysics;metacdn;metakv;twemcache,brightkite,0
reviewer_fairness_v1,supervision_objective_ablation_objective_eviction_loss,primary_controlled_window,native_pretrained_offline,n/a,wiki2018_pageviews_en_50k,3813084bebfcf463ac22a685494b46aea45aded55d314411c9fbb058b5d67608,64,object_slots,unit,0,10000,10000,50000,10000,40000,0,40000,1.0,"processes_[0,10000)_then_scores_[10000,50000)",offline_pretrained_frozen_cross_family,"5 training families (citibike,cloudphysics,metacdn,metakv,twemcache), validation family=brightkite, held-out family=wiki2018 contributes ZERO rows",yes,no,frozen_supervision_objective_ablation_v1_grid,0,none,199.2235,ok,,supervision_objective_ablation_v1,objective_eviction_loss,wiki2018,cross_family_v1_wiki2018,7ec9108b0bbc8b7f29e9f8ba3c21d91b948bd00ac142c36449a96907e246f856,hist_gb,evict_value_v1,v1,4,horizon_controlled_primary,citibike;cloudphysics;metacdn;metakv;twemcache,brightkite,0
reviewer_fairness_v1,supervision_objective_ablation_objective_eviction_loss,primary_controlled_window,native_pretrained_offline,n/a,wiki2018_pageviews_en_50k,3813084bebfcf463ac22a685494b46aea45aded55d314411c9fbb058b5d67608,128,object_slots,unit,0,10000,10000,50000,10000,40000,0,40000,1.0,"processes_[0,10000)_then_scores_[10000,50000)",offline_pretrained_frozen_cross_family,"5 training families (citibike,cloudphysics,metacdn,metakv,twemcache), validation family=brightkite, held-out family=wiki2018 contributes ZERO rows",yes,no,frozen_supervision_objective_ablation_v1_grid,0,none,885.0627,ok,,supervision_objective_ablation_v1,objective_eviction_loss,wiki2018,cross_family_v1_wiki2018,7ec9108b0bbc8b7f29e9f8ba3c21d91b948bd00ac142c36449a96907e246f856,hist_gb,evict_value_v1,v1,4,horizon_controlled_primary,citibike;cloudphysics;metacdn;metakv;twemcache,brightkite,0
reviewer_fairness_v1,supervision_objective_ablation_objective_next_arrival,primary_controlled_window,native_pretrained_offline,n/a,wiki2018_pageviews_en_50k,3813084bebfcf463ac22a685494b46aea45aded55d314411c9fbb058b5d67608,32,object_slots,unit,0,10000,10000,50000,10000,40000,0,40000,1.0,"processes_[0,10000)_then_scores_[10000,50000)",offline_pretrained_frozen_cross_family,"5 training families (citibike,cloudphysics,metacdn,metakv,twemcache), validation family=brightkite, held-out family=wiki2018 contributes ZERO rows",yes,no,frozen_supervision_objective_ablation_v1_grid,0,none,49.6688,ok,,supervision_objective_ablation_v1,objective_next_arrival,wiki2018,cross_family_v1_wiki2018,a987ac39467219e538601f08f241e009b0b429758caab491006455573d3c430c,ridge,evict_value_v1,v1,4,horizon_controlled_primary,citibike;cloudphysics;metacdn;metakv;twemcache,brightkite,0
reviewer_fairness_v1,supervision_objective_ablation_objective_next_arrival,primary_controlled_window,native_pretrained_offline,n/a,wiki2018_pageviews_en_50k,3813084bebfcf463ac22a685494b46aea45aded55d314411c9fbb058b5d67608,64,object_slots,unit,0,10000,10000,50000,10000,40000,0,40000,1.0,"processes_[0,10000)_then_scores_[10000,50000)",offline_pretrained_frozen_cross_family,"5 training families (citibike,cloudphysics,metacdn,metakv,twemcache), validation family=brightkite, held-out family=wiki2018 contributes ZERO rows",yes,no,frozen_supervision_objective_ablation_v1_grid,0,none,181.0784,ok,,supervision_objective_ablation_v1,objective_next_arrival,wiki2018,cross_family_v1_wiki2018,a987ac39467219e538601f08f241e009b0b429758caab491006455573d3c430c,ridge,evict_value_v1,v1,4,horizon_controlled_primary,citibike;cloudphysics;metacdn;metakv;twemcache,brightkite,0
reviewer_fairness_v1,supervision_objective_ablation_objective_next_arrival,primary_controlled_window,native_pretrained_offline,n/a,wiki2018_pageviews_en_50k,3813084bebfcf463ac22a685494b46aea45aded55d314411c9fbb058b5d67608,128,object_slots,unit,0,10000,10000,50000,10000,40000,0,40000,1.0,"processes_[0,10000)_then_scores_[10000,50000)",offline_pretrained_frozen_cross_family,"5 training families (citibike,cloudphysics,metacdn,metakv,twemcache), validation family=brightkite, held-out family=wiki2018 contributes ZERO rows",yes,no,frozen_supervision_objective_ablation_v1_grid,0,none,861.8338,ok,,supervision_objective_ablation_v1,objective_next_arrival,wiki2018,cross_family_v1_wiki2018,a987ac39467219e538601f08f241e009b0b429758caab491006455573d3c430c,ridge,evict_value_v1,v1,4,horizon_controlled_primary,citibike;cloudphysics;metacdn;metakv;twemcache,brightkite,0
reviewer_fairness_v1,supervision_objective_ablation_objective_reuse_distance,primary_controlled_window,native_pretrained_offline,n/a,wiki2018_pageviews_en_50k,3813084bebfcf463ac22a685494b46aea45aded55d314411c9fbb058b5d67608,32,object_slots,unit,0,10000,10000,50000,10000,40000,0,40000,1.0,"processes_[0,10000)_then_scores_[10000,50000)",offline_pretrained_frozen_cross_family,"5 training families (citibike,cloudphysics,metacdn,metakv,twemcache), validation family=brightkite, held-out family=wiki2018 contributes ZERO rows",yes,no,frozen_supervision_objective_ablation_v1_grid,0,none,49.5469,ok,,supervision_objective_ablation_v1,objective_reuse_distance,wiki2018,cross_family_v1_wiki2018,3657a68cd7f5cddb2a6bc386b3cfb59eee8e58087f5f4ab339cc02c4a6c250d8,ridge,evict_value_v1,v1,4,horizon_controlled_primary,citibike;cloudphysics;metacdn;metakv;twemcache,brightkite,0
reviewer_fairness_v1,supervision_objective_ablation_objective_reuse_distance,primary_controlled_window,native_pretrained_offline,n/a,wiki2018_pageviews_en_50k,3813084bebfcf463ac22a685494b46aea45aded55d314411c9fbb058b5d67608,64,object_slots,unit,0,10000,10000,50000,10000,40000,0,40000,1.0,"processes_[0,10000)_then_scores_[10000,50000)",offline_pretrained_frozen_cross_family,"5 training families (citibike,cloudphysics,metacdn,metakv,twemcache), validation family=brightkite, held-out family=wiki2018 contributes ZERO rows",yes,no,frozen_supervision_objective_ablation_v1_grid,0,none,180.9312,ok,,supervision_objective_ablation_v1,objective_reuse_distance,wiki2018,cross_family_v1_wiki2018,3657a68cd7f5cddb2a6bc386b3cfb59eee8e58087f5f4ab339cc02c4a6c250d8,ridge,evict_value_v1,v1,4,horizon_controlled_primary,citibike;cloudphysics;metacdn;metakv;twemcache,brightkite,0
reviewer_fairness_v1,supervision_objective_ablation_objective_reuse_distance,primary_controlled_window,native_pretrained_offline,n/a,wiki2018_pageviews_en_50k,3813084bebfcf463ac22a685494b46aea45aded55d314411c9fbb058b5d67608,128,object_slots,unit,0,10000,10000,50000,10000,40000,0,40000,1.0,"processes_[0,10000)_then_scores_[10000,50000)",offline_pretrained_frozen_cross_family,"5 training families (citibike,cloudphysics,metacdn,metakv,twemcache), validation family=brightkite, held-out family=wiki2018 contributes ZERO rows",yes,no,frozen_supervision_objective_ablation_v1_grid,0,none,862.8986,ok,,supervision_objective_ablation_v1,objective_reuse_distance,wiki2018,cross_family_v1_wiki2018,3657a68cd7f5cddb2a6bc386b3cfb59eee8e58087f5f4ab339cc02c4a6c250d8,ridge,evict_value_v1,v1,4,horizon_controlled_primary,citibike;cloudphysics;metacdn;metakv;twemcache,brightkite,0
reviewer_fairness_v1,supervision_objective_ablation_objective_pairwise,primary_controlled_window,native_pretrained_offline,n/a,wiki2018_pageviews_en_50k,3813084bebfcf463ac22a685494b46aea45aded55d314411c9fbb058b5d67608,32,object_slots,unit,0,10000,10000,50000,10000,40000,0,40000,1.0,"processes_[0,10000)_then_scores_[10000,50000)",offline_pretrained_frozen_cross_family,"5 training families (citibike,cloudphysics,metacdn,metakv,twemcache), validation family=brightkite, held-out family=wiki2018 contributes ZERO rows",yes,no,frozen_supervision_objective_ablation_v1_grid,0,none,55.7524,ok,,supervision_objective_ablation_v1,objective_pairwise,wiki2018,cross_family_v1_wiki2018,4c0190ef687fa5ce663c0deae725db36d4fe072752236e53722f5fd97f955362,shared_weight_mlp_pairwise,evict_value_v1,v1,4,horizon_controlled_primary,citibike;cloudphysics;metacdn;metakv;twemcache,brightkite,0
reviewer_fairness_v1,supervision_objective_ablation_objective_pairwise,primary_controlled_window,native_pretrained_offline,n/a,wiki2018_pageviews_en_50k,3813084bebfcf463ac22a685494b46aea45aded55d314411c9fbb058b5d67608,64,object_slots,unit,0,10000,10000,50000,10000,40000,0,40000,1.0,"processes_[0,10000)_then_scores_[10000,50000)",offline_pretrained_frozen_cross_family,"5 training families (citibike,cloudphysics,metacdn,metakv,twemcache), validation family=brightkite, held-out family=wiki2018 contributes ZERO rows",yes,no,frozen_supervision_objective_ablation_v1_grid,0,none,188.1519,ok,,supervision_objective_ablation_v1,objective_pairwise,wiki2018,cross_family_v1_wiki2018,4c0190ef687fa5ce663c0deae725db36d4fe072752236e53722f5fd97f955362,shared_weight_mlp_pairwise,evict_value_v1,v1,4,horizon_controlled_primary,citibike;cloudphysics;metacdn;metakv;twemcache,brightkite,0
reviewer_fairness_v1,supervision_objective_ablation_objective_pairwise,primary_controlled_window,native_pretrained_offline,n/a,wiki2018_pageviews_en_50k,3813084bebfcf463ac22a685494b46aea45aded55d314411c9fbb058b5d67608,128,object_slots,unit,0,10000,10000,50000,10000,40000,0,40000,1.0,"processes_[0,10000)_then_scores_[10000,50000)",offline_pretrained_frozen_cross_family,"5 training families (citibike,cloudphysics,metacdn,metakv,twemcache), validation family=brightkite, held-out family=wiki2018 contributes ZERO rows",yes,no,frozen_supervision_objective_ablation_v1_grid,0,none,865.1944,ok,,supervision_objective_ablation_v1,objective_pairwise,wiki2018,cross_family_v1_wiki2018,4c0190ef687fa5ce663c0deae725db36d4fe072752236e53722f5fd97f955362,shared_weight_mlp_pairwise,evict_value_v1,v1,4,horizon_controlled_primary,citibike;cloudphysics;metacdn;metakv;twemcache,brightkite,0
