horizon,model,val_mae,val_rmse,test_mae,test_rmse,val_top1,test_top1,val_mean_regret,test_mean_regret
4,ridge,1.0051569594591077,1.2542485521990867,0.8291895856180861,0.9071243990961178,0.2968066491688539,0.03683241252302026,0.1052055993000875,0.024554941682013505
4,random_forest,1.0041431699216743,1.2414330636230133,0.7562150634583107,0.8453242980341048,0.05883639545056868,0.028852056476365868,0.02077865266841645,0.022713321055862493
4,hist_gb,0.997527614917347,1.231602186915872,0.7579555536299724,0.8430078635362057,0.03477690288713911,0.03161448741559239,0.02099737532808399,0.024554941682013505
8,ridge,1.8883492108639683,2.2895462497177292,1.6175107377415974,1.7415008666010774,0.26334208223972005,0.03528689782141761,0.14785651793525809,0.04571954587296717
8,random_forest,1.8724714650766354,2.261571375026655,1.4298794784226556,1.6087949047173056,0.02930883639545057,0.033445842282908866,0.031496062992125984,0.045412703283215713
8,hist_gb,1.85593431981628,2.2379064203366776,1.4383847783191404,1.6096395546506603,0.024059492563429572,0.040196379257440934,0.04505686789151356,0.045105860693464256
16,ridge,3.7540634408544293,4.432848085848817,3.2485837962812045,3.4741848466677823,0.25284339457567806,0.03192142418661756,0.17475940507436571,0.08103130755064457
16,random_forest,3.7019098168100983,4.377104801524636,2.8472493344632164,3.1935668369888406,0.03849518810148731,0.028238182934315532,0.06342957130358705,0.08931860036832412
16,hist_gb,3.6691815595072073,4.330094344256714,2.8676082146125257,3.1977306152941036,0.021653543307086614,0.030693677102516883,0.05861767279090114,0.08717004297114794
