experiment_protocol_version,protocol_id,condition,fraction,held_out_family,fold_id,capacity,trace,trace_sha256,history_start,history_end,score_start,score_end,history_requests,scored_requests,hits,misses,miss_ratio,train_decision_count,train_candidate_row_count,train_pair_count,validation_decision_count,validation_candidate_row_count,validation_top1,validation_mean_regret,validation_pairwise_accuracy,validation_mae,validation_rmse,seed,scalar_model_family,pairwise_label_source,model_path,model_sha256,train_runtime_seconds,eval_runtime_seconds,status,failure_reason
reviewer_fairness_v1,supervision_objective_learning_curve_v1,eviction_loss_scalar,0.01,brightkite,cross_family_v1_brightkite,32,brightkite_50k,04c8cebb51742e7f192b6654e0e3029690a74b8ff494db771f0e132dc68d01de,0,10000,10000,50000,10000,40000,23063,16937,0.423425,5984,438720,0,559,42528,0.005367,0.014311,,1.442192,1.764867,0,ridge,,models/supervision_objective_learning_curve_v1/brightkite/fraction_0.01/eviction_loss_scalar.pkl,d41e7f20d6d0e86ee8b25a770cad57d0cd6c66996e5b2f31af6c2ec32ed80493,1.2913,20.46,ok,
reviewer_fairness_v1,supervision_objective_learning_curve_v1,eviction_loss_scalar,0.01,brightkite,cross_family_v1_brightkite,64,brightkite_50k,04c8cebb51742e7f192b6654e0e3029690a74b8ff494db771f0e132dc68d01de,0,10000,10000,50000,10000,40000,23602,16398,0.40995,5984,438720,0,559,42528,0.005367,0.014311,,1.442192,1.764867,0,ridge,,models/supervision_objective_learning_curve_v1/brightkite/fraction_0.01/eviction_loss_scalar.pkl,d41e7f20d6d0e86ee8b25a770cad57d0cd6c66996e5b2f31af6c2ec32ed80493,1.2913,76.4655,ok,
reviewer_fairness_v1,supervision_objective_learning_curve_v1,eviction_loss_scalar,0.01,brightkite,cross_family_v1_brightkite,128,brightkite_50k,04c8cebb51742e7f192b6654e0e3029690a74b8ff494db771f0e132dc68d01de,0,10000,10000,50000,10000,40000,23813,16187,0.404675,5984,438720,0,559,42528,0.005367,0.014311,,1.442192,1.764867,0,ridge,,models/supervision_objective_learning_curve_v1/brightkite/fraction_0.01/eviction_loss_scalar.pkl,d41e7f20d6d0e86ee8b25a770cad57d0cd6c66996e5b2f31af6c2ec32ed80493,1.2913,370.7232,ok,
reviewer_fairness_v1,supervision_objective_learning_curve_v1,eviction_loss_pairwise,0.01,brightkite,cross_family_v1_brightkite,32,brightkite_50k,04c8cebb51742e7f192b6654e0e3029690a74b8ff494db771f0e132dc68d01de,0,10000,10000,50000,10000,40000,14700,25300,0.6325,5984,438720,411,559,42528,0.0,0.125224,0.895522,,,0,,regret,models/supervision_objective_learning_curve_v1/brightkite/fraction_0.01/eviction_loss_pairwise.pkl,66329d357ea855aa6e75b73927cd4859d28436974e889bbbc903e2f726d24b92,0.3731,30.0651,ok,
reviewer_fairness_v1,supervision_objective_learning_curve_v1,eviction_loss_pairwise,0.01,brightkite,cross_family_v1_brightkite,64,brightkite_50k,04c8cebb51742e7f192b6654e0e3029690a74b8ff494db771f0e132dc68d01de,0,10000,10000,50000,10000,40000,14713,25287,0.632175,5984,438720,411,559,42528,0.0,0.125224,0.895522,,,0,,regret,models/supervision_objective_learning_curve_v1/brightkite/fraction_0.01/eviction_loss_pairwise.pkl,66329d357ea855aa6e75b73927cd4859d28436974e889bbbc903e2f726d24b92,0.3731,117.8534,ok,
reviewer_fairness_v1,supervision_objective_learning_curve_v1,eviction_loss_pairwise,0.01,brightkite,cross_family_v1_brightkite,128,brightkite_50k,04c8cebb51742e7f192b6654e0e3029690a74b8ff494db771f0e132dc68d01de,0,10000,10000,50000,10000,40000,14739,25261,0.631525,5984,438720,411,559,42528,0.0,0.125224,0.895522,,,0,,regret,models/supervision_objective_learning_curve_v1/brightkite/fraction_0.01/eviction_loss_pairwise.pkl,66329d357ea855aa6e75b73927cd4859d28436974e889bbbc903e2f726d24b92,0.3731,583.7396,ok,
reviewer_fairness_v1,supervision_objective_learning_curve_v1,eviction_loss_scalar,0.02,brightkite,cross_family_v1_brightkite,32,brightkite_50k,04c8cebb51742e7f192b6654e0e3029690a74b8ff494db771f0e132dc68d01de,0,10000,10000,50000,10000,40000,23292,16708,0.4177,11968,880896,0,559,42528,0.005367,0.014311,,1.429444,1.752514,0,ridge,,models/supervision_objective_learning_curve_v1/brightkite/fraction_0.02/eviction_loss_scalar.pkl,1d0d8ea32b7795ef96f0522aeb8fb61ec822c019525b017bdfea1b390204143a,2.4611,20.3142,ok,
reviewer_fairness_v1,supervision_objective_learning_curve_v1,eviction_loss_scalar,0.02,brightkite,cross_family_v1_brightkite,64,brightkite_50k,04c8cebb51742e7f192b6654e0e3029690a74b8ff494db771f0e132dc68d01de,0,10000,10000,50000,10000,40000,23776,16224,0.4056,11968,880896,0,559,42528,0.005367,0.014311,,1.429444,1.752514,0,ridge,,models/supervision_objective_learning_curve_v1/brightkite/fraction_0.02/eviction_loss_scalar.pkl,1d0d8ea32b7795ef96f0522aeb8fb61ec822c019525b017bdfea1b390204143a,2.4611,75.5251,ok,
reviewer_fairness_v1,supervision_objective_learning_curve_v1,eviction_loss_scalar,0.02,brightkite,cross_family_v1_brightkite,128,brightkite_50k,04c8cebb51742e7f192b6654e0e3029690a74b8ff494db771f0e132dc68d01de,0,10000,10000,50000,10000,40000,23943,16057,0.401425,11968,880896,0,559,42528,0.005367,0.014311,,1.429444,1.752514,0,ridge,,models/supervision_objective_learning_curve_v1/brightkite/fraction_0.02/eviction_loss_scalar.pkl,1d0d8ea32b7795ef96f0522aeb8fb61ec822c019525b017bdfea1b390204143a,2.4611,368.8198,ok,
reviewer_fairness_v1,supervision_objective_learning_curve_v1,eviction_loss_pairwise,0.02,brightkite,cross_family_v1_brightkite,32,brightkite_50k,04c8cebb51742e7f192b6654e0e3029690a74b8ff494db771f0e132dc68d01de,0,10000,10000,50000,10000,40000,14700,25300,0.6325,11968,880896,856,559,42528,0.0,0.121646,0.88806,,,0,,regret,models/supervision_objective_learning_curve_v1/brightkite/fraction_0.02/eviction_loss_pairwise.pkl,37eea582cb8a8c827bca2def29e2030c8742730aa4793b3ee0aa6fa01ee5508a,0.7185,29.9942,ok,
reviewer_fairness_v1,supervision_objective_learning_curve_v1,eviction_loss_pairwise,0.02,brightkite,cross_family_v1_brightkite,64,brightkite_50k,04c8cebb51742e7f192b6654e0e3029690a74b8ff494db771f0e132dc68d01de,0,10000,10000,50000,10000,40000,14711,25289,0.632225,11968,880896,856,559,42528,0.0,0.121646,0.88806,,,0,,regret,models/supervision_objective_learning_curve_v1/brightkite/fraction_0.02/eviction_loss_pairwise.pkl,37eea582cb8a8c827bca2def29e2030c8742730aa4793b3ee0aa6fa01ee5508a,0.7185,117.9606,ok,
reviewer_fairness_v1,supervision_objective_learning_curve_v1,eviction_loss_pairwise,0.02,brightkite,cross_family_v1_brightkite,128,brightkite_50k,04c8cebb51742e7f192b6654e0e3029690a74b8ff494db771f0e132dc68d01de,0,10000,10000,50000,10000,40000,14739,25261,0.631525,11968,880896,856,559,42528,0.0,0.121646,0.88806,,,0,,regret,models/supervision_objective_learning_curve_v1/brightkite/fraction_0.02/eviction_loss_pairwise.pkl,37eea582cb8a8c827bca2def29e2030c8742730aa4793b3ee0aa6fa01ee5508a,0.7185,584.5685,ok,
reviewer_fairness_v1,supervision_objective_learning_curve_v1,eviction_loss_scalar,0.05,brightkite,cross_family_v1_brightkite,32,brightkite_50k,04c8cebb51742e7f192b6654e0e3029690a74b8ff494db771f0e132dc68d01de,0,10000,10000,50000,10000,40000,23413,16587,0.414675,29920,2202176,0,559,42528,0.005367,0.014311,,1.427423,1.750771,0,ridge,,models/supervision_objective_learning_curve_v1/brightkite/fraction_0.05/eviction_loss_scalar.pkl,e9999fa875774004a02902a96336cc0d716c19b4e06b5576b54169f86bb7bae0,6.6175,19.9805,ok,
reviewer_fairness_v1,supervision_objective_learning_curve_v1,eviction_loss_scalar,0.05,brightkite,cross_family_v1_brightkite,64,brightkite_50k,04c8cebb51742e7f192b6654e0e3029690a74b8ff494db771f0e132dc68d01de,0,10000,10000,50000,10000,40000,23931,16069,0.401725,29920,2202176,0,559,42528,0.005367,0.014311,,1.427423,1.750771,0,ridge,,models/supervision_objective_learning_curve_v1/brightkite/fraction_0.05/eviction_loss_scalar.pkl,e9999fa875774004a02902a96336cc0d716c19b4e06b5576b54169f86bb7bae0,6.6175,74.6452,ok,
reviewer_fairness_v1,supervision_objective_learning_curve_v1,eviction_loss_scalar,0.05,brightkite,cross_family_v1_brightkite,128,brightkite_50k,04c8cebb51742e7f192b6654e0e3029690a74b8ff494db771f0e132dc68d01de,0,10000,10000,50000,10000,40000,24035,15965,0.399125,29920,2202176,0,559,42528,0.005367,0.014311,,1.427423,1.750771,0,ridge,,models/supervision_objective_learning_curve_v1/brightkite/fraction_0.05/eviction_loss_scalar.pkl,e9999fa875774004a02902a96336cc0d716c19b4e06b5576b54169f86bb7bae0,6.6175,364.9923,ok,
reviewer_fairness_v1,supervision_objective_learning_curve_v1,eviction_loss_pairwise,0.05,brightkite,cross_family_v1_brightkite,32,brightkite_50k,04c8cebb51742e7f192b6654e0e3029690a74b8ff494db771f0e132dc68d01de,0,10000,10000,50000,10000,40000,14700,25300,0.6325,29920,2202176,2152,559,42528,0.0,0.125224,0.895522,,,0,,regret,models/supervision_objective_learning_curve_v1/brightkite/fraction_0.05/eviction_loss_pairwise.pkl,5e8262074a50ff066fb1e781066dd97d47ff46a941231f19dcab24b4612fa457,1.1935,29.9375,ok,
reviewer_fairness_v1,supervision_objective_learning_curve_v1,eviction_loss_pairwise,0.05,brightkite,cross_family_v1_brightkite,64,brightkite_50k,04c8cebb51742e7f192b6654e0e3029690a74b8ff494db771f0e132dc68d01de,0,10000,10000,50000,10000,40000,14711,25289,0.632225,29920,2202176,2152,559,42528,0.0,0.125224,0.895522,,,0,,regret,models/supervision_objective_learning_curve_v1/brightkite/fraction_0.05/eviction_loss_pairwise.pkl,5e8262074a50ff066fb1e781066dd97d47ff46a941231f19dcab24b4612fa457,1.1935,118.1868,ok,
reviewer_fairness_v1,supervision_objective_learning_curve_v1,eviction_loss_pairwise,0.05,brightkite,cross_family_v1_brightkite,128,brightkite_50k,04c8cebb51742e7f192b6654e0e3029690a74b8ff494db771f0e132dc68d01de,0,10000,10000,50000,10000,40000,14739,25261,0.631525,29920,2202176,2152,559,42528,0.0,0.125224,0.895522,,,0,,regret,models/supervision_objective_learning_curve_v1/brightkite/fraction_0.05/eviction_loss_pairwise.pkl,5e8262074a50ff066fb1e781066dd97d47ff46a941231f19dcab24b4612fa457,1.1935,584.4821,ok,
reviewer_fairness_v1,supervision_objective_learning_curve_v1,eviction_loss_scalar,0.1,brightkite,cross_family_v1_brightkite,32,brightkite_50k,04c8cebb51742e7f192b6654e0e3029690a74b8ff494db771f0e132dc68d01de,0,10000,10000,50000,10000,40000,23483,16517,0.412925,59839,4407968,0,559,42528,0.005367,0.014311,,1.429034,1.752427,0,ridge,,models/supervision_objective_learning_curve_v1/brightkite/fraction_0.1/eviction_loss_scalar.pkl,1dcb125fd03c67dd901e8a971a065cabf184168db57013fdbfe24f8845dd8c99,13.008,19.9531,ok,
reviewer_fairness_v1,supervision_objective_learning_curve_v1,eviction_loss_scalar,0.1,brightkite,cross_family_v1_brightkite,64,brightkite_50k,04c8cebb51742e7f192b6654e0e3029690a74b8ff494db771f0e132dc68d01de,0,10000,10000,50000,10000,40000,23965,16035,0.400875,59839,4407968,0,559,42528,0.005367,0.014311,,1.429034,1.752427,0,ridge,,models/supervision_objective_learning_curve_v1/brightkite/fraction_0.1/eviction_loss_scalar.pkl,1dcb125fd03c67dd901e8a971a065cabf184168db57013fdbfe24f8845dd8c99,13.008,74.7331,ok,
reviewer_fairness_v1,supervision_objective_learning_curve_v1,eviction_loss_scalar,0.1,brightkite,cross_family_v1_brightkite,128,brightkite_50k,04c8cebb51742e7f192b6654e0e3029690a74b8ff494db771f0e132dc68d01de,0,10000,10000,50000,10000,40000,24041,15959,0.398975,59839,4407968,0,559,42528,0.005367,0.014311,,1.429034,1.752427,0,ridge,,models/supervision_objective_learning_curve_v1/brightkite/fraction_0.1/eviction_loss_scalar.pkl,1dcb125fd03c67dd901e8a971a065cabf184168db57013fdbfe24f8845dd8c99,13.008,365.194,ok,
reviewer_fairness_v1,supervision_objective_learning_curve_v1,eviction_loss_pairwise,0.1,brightkite,cross_family_v1_brightkite,32,brightkite_50k,04c8cebb51742e7f192b6654e0e3029690a74b8ff494db771f0e132dc68d01de,0,10000,10000,50000,10000,40000,14700,25300,0.6325,59839,4407968,4328,559,42528,0.0,0.119857,0.895522,,,0,,regret,models/supervision_objective_learning_curve_v1/brightkite/fraction_0.1/eviction_loss_pairwise.pkl,0845cfd3da5700f9dc4482cc6b16e344ad8e9de3149c45c74ef32f859ae09854,2.207,30.0784,ok,
reviewer_fairness_v1,supervision_objective_learning_curve_v1,eviction_loss_pairwise,0.1,brightkite,cross_family_v1_brightkite,64,brightkite_50k,04c8cebb51742e7f192b6654e0e3029690a74b8ff494db771f0e132dc68d01de,0,10000,10000,50000,10000,40000,14711,25289,0.632225,59839,4407968,4328,559,42528,0.0,0.119857,0.895522,,,0,,regret,models/supervision_objective_learning_curve_v1/brightkite/fraction_0.1/eviction_loss_pairwise.pkl,0845cfd3da5700f9dc4482cc6b16e344ad8e9de3149c45c74ef32f859ae09854,2.207,118.5739,ok,
reviewer_fairness_v1,supervision_objective_learning_curve_v1,eviction_loss_pairwise,0.1,brightkite,cross_family_v1_brightkite,128,brightkite_50k,04c8cebb51742e7f192b6654e0e3029690a74b8ff494db771f0e132dc68d01de,0,10000,10000,50000,10000,40000,14739,25261,0.631525,59839,4407968,4328,559,42528,0.0,0.119857,0.895522,,,0,,regret,models/supervision_objective_learning_curve_v1/brightkite/fraction_0.1/eviction_loss_pairwise.pkl,0845cfd3da5700f9dc4482cc6b16e344ad8e9de3149c45c74ef32f859ae09854,2.207,588.1261,ok,
reviewer_fairness_v1,supervision_objective_learning_curve_v1,eviction_loss_scalar,0.01,citibike,cross_family_v1_citibike,32,citibike_202401_50k,1ddab59d9dd9cd32ced3bf7409a2e2432cc6453cd06a6837670babb7f5d77130,0,10000,10000,50000,10000,40000,22500,17500,0.4375,5029,367776,0,1454,107680,0.103851,0.011004,,0.707443,0.772417,0,hist_gb,,models/supervision_objective_learning_curve_v1/citibike/fraction_0.01/eviction_loss_scalar.pkl,df77684a7c80749918dbeda7491c6499b7c0b1175d25e63a135cd3347c627ba7,2.3651,36.8458,ok,
reviewer_fairness_v1,supervision_objective_learning_curve_v1,eviction_loss_scalar,0.01,citibike,cross_family_v1_citibike,64,citibike_202401_50k,1ddab59d9dd9cd32ced3bf7409a2e2432cc6453cd06a6837670babb7f5d77130,0,10000,10000,50000,10000,40000,23932,16068,0.4017,5029,367776,0,1454,107680,0.103851,0.011004,,0.707443,0.772417,0,hist_gb,,models/supervision_objective_learning_curve_v1/citibike/fraction_0.01/eviction_loss_scalar.pkl,df77684a7c80749918dbeda7491c6499b7c0b1175d25e63a135cd3347c627ba7,2.3651,92.8189,ok,
reviewer_fairness_v1,supervision_objective_learning_curve_v1,eviction_loss_scalar,0.01,citibike,cross_family_v1_citibike,128,citibike_202401_50k,1ddab59d9dd9cd32ced3bf7409a2e2432cc6453cd06a6837670babb7f5d77130,0,10000,10000,50000,10000,40000,24464,15536,0.3884,5029,367776,0,1454,107680,0.103851,0.011004,,0.707443,0.772417,0,hist_gb,,models/supervision_objective_learning_curve_v1/citibike/fraction_0.01/eviction_loss_scalar.pkl,df77684a7c80749918dbeda7491c6499b7c0b1175d25e63a135cd3347c627ba7,2.3651,403.2285,ok,
reviewer_fairness_v1,supervision_objective_learning_curve_v1,eviction_loss_pairwise,0.01,citibike,cross_family_v1_citibike,32,citibike_202401_50k,1ddab59d9dd9cd32ced3bf7409a2e2432cc6453cd06a6837670babb7f5d77130,0,10000,10000,50000,10000,40000,6305,33695,0.842375,5029,367776,476,1454,107680,0.049519,0.000688,0.307692,,,0,,regret,models/supervision_objective_learning_curve_v1/citibike/fraction_0.01/eviction_loss_pairwise.pkl,7aa322b216b883125fb7b14253e41523a4e7e408c768455186011734c740e064,0.6283,40.2914,ok,
reviewer_fairness_v1,supervision_objective_learning_curve_v1,eviction_loss_pairwise,0.01,citibike,cross_family_v1_citibike,64,citibike_202401_50k,1ddab59d9dd9cd32ced3bf7409a2e2432cc6453cd06a6837670babb7f5d77130,0,10000,10000,50000,10000,40000,6730,33270,0.83175,5029,367776,476,1454,107680,0.049519,0.000688,0.307692,,,0,,regret,models/supervision_objective_learning_curve_v1/citibike/fraction_0.01/eviction_loss_pairwise.pkl,7aa322b216b883125fb7b14253e41523a4e7e408c768455186011734c740e064,0.6283,158.7181,ok,
reviewer_fairness_v1,supervision_objective_learning_curve_v1,eviction_loss_pairwise,0.01,citibike,cross_family_v1_citibike,128,citibike_202401_50k,1ddab59d9dd9cd32ced3bf7409a2e2432cc6453cd06a6837670babb7f5d77130,0,10000,10000,50000,10000,40000,7530,32470,0.81175,5029,367776,476,1454,107680,0.049519,0.000688,0.307692,,,0,,regret,models/supervision_objective_learning_curve_v1/citibike/fraction_0.01/eviction_loss_pairwise.pkl,7aa322b216b883125fb7b14253e41523a4e7e408c768455186011734c740e064,0.6283,820.7048,ok,
reviewer_fairness_v1,supervision_objective_learning_curve_v1,eviction_loss_scalar,0.02,citibike,cross_family_v1_citibike,32,citibike_202401_50k,1ddab59d9dd9cd32ced3bf7409a2e2432cc6453cd06a6837670babb7f5d77130,0,10000,10000,50000,10000,40000,22473,17527,0.438175,10058,738720,0,1454,107680,0.112792,0.008941,,0.715719,0.783419,0,hist_gb,,models/supervision_objective_learning_curve_v1/citibike/fraction_0.02/eviction_loss_scalar.pkl,046a73368f04b3f6f04e7108f97dbd8edb9f9418252932a971c2001d81adb740,4.9347,37.0667,ok,
reviewer_fairness_v1,supervision_objective_learning_curve_v1,eviction_loss_scalar,0.02,citibike,cross_family_v1_citibike,64,citibike_202401_50k,1ddab59d9dd9cd32ced3bf7409a2e2432cc6453cd06a6837670babb7f5d77130,0,10000,10000,50000,10000,40000,23927,16073,0.401825,10058,738720,0,1454,107680,0.112792,0.008941,,0.715719,0.783419,0,hist_gb,,models/supervision_objective_learning_curve_v1/citibike/fraction_0.02/eviction_loss_scalar.pkl,046a73368f04b3f6f04e7108f97dbd8edb9f9418252932a971c2001d81adb740,4.9347,92.6588,ok,
reviewer_fairness_v1,supervision_objective_learning_curve_v1,eviction_loss_scalar,0.02,citibike,cross_family_v1_citibike,128,citibike_202401_50k,1ddab59d9dd9cd32ced3bf7409a2e2432cc6453cd06a6837670babb7f5d77130,0,10000,10000,50000,10000,40000,24426,15574,0.38935,10058,738720,0,1454,107680,0.112792,0.008941,,0.715719,0.783419,0,hist_gb,,models/supervision_objective_learning_curve_v1/citibike/fraction_0.02/eviction_loss_scalar.pkl,046a73368f04b3f6f04e7108f97dbd8edb9f9418252932a971c2001d81adb740,4.9347,403.5981,ok,
reviewer_fairness_v1,supervision_objective_learning_curve_v1,eviction_loss_pairwise,0.02,citibike,cross_family_v1_citibike,32,citibike_202401_50k,1ddab59d9dd9cd32ced3bf7409a2e2432cc6453cd06a6837670babb7f5d77130,0,10000,10000,50000,10000,40000,6293,33707,0.842675,10058,738720,1018,1454,107680,0.049519,0.000688,0.307692,,,0,,regret,models/supervision_objective_learning_curve_v1/citibike/fraction_0.02/eviction_loss_pairwise.pkl,db8e8101ad7eb6228a4803be84a4487e7b66f5a0d5606c2eb97a07ea8962872a,0.8297,40.54,ok,
reviewer_fairness_v1,supervision_objective_learning_curve_v1,eviction_loss_pairwise,0.02,citibike,cross_family_v1_citibike,64,citibike_202401_50k,1ddab59d9dd9cd32ced3bf7409a2e2432cc6453cd06a6837670babb7f5d77130,0,10000,10000,50000,10000,40000,6743,33257,0.831425,10058,738720,1018,1454,107680,0.049519,0.000688,0.307692,,,0,,regret,models/supervision_objective_learning_curve_v1/citibike/fraction_0.02/eviction_loss_pairwise.pkl,db8e8101ad7eb6228a4803be84a4487e7b66f5a0d5606c2eb97a07ea8962872a,0.8297,158.9577,ok,
reviewer_fairness_v1,supervision_objective_learning_curve_v1,eviction_loss_pairwise,0.02,citibike,cross_family_v1_citibike,128,citibike_202401_50k,1ddab59d9dd9cd32ced3bf7409a2e2432cc6453cd06a6837670babb7f5d77130,0,10000,10000,50000,10000,40000,7700,32300,0.8075,10058,738720,1018,1454,107680,0.049519,0.000688,0.307692,,,0,,regret,models/supervision_objective_learning_curve_v1/citibike/fraction_0.02/eviction_loss_pairwise.pkl,db8e8101ad7eb6228a4803be84a4487e7b66f5a0d5606c2eb97a07ea8962872a,0.8297,808.8709,ok,
reviewer_fairness_v1,supervision_objective_learning_curve_v1,eviction_loss_scalar,0.05,citibike,cross_family_v1_citibike,32,citibike_202401_50k,1ddab59d9dd9cd32ced3bf7409a2e2432cc6453cd06a6837670babb7f5d77130,0,10000,10000,50000,10000,40000,22484,17516,0.4379,25145,1843616,0,1454,107680,0.108666,0.008253,,0.716022,0.784409,0,hist_gb,,models/supervision_objective_learning_curve_v1/citibike/fraction_0.05/eviction_loss_scalar.pkl,1ff226746bb21ae2061013f9cc84ed3e04cca22c331766fba7a816a16961aec4,10.3622,36.9453,ok,
reviewer_fairness_v1,supervision_objective_learning_curve_v1,eviction_loss_scalar,0.05,citibike,cross_family_v1_citibike,64,citibike_202401_50k,1ddab59d9dd9cd32ced3bf7409a2e2432cc6453cd06a6837670babb7f5d77130,0,10000,10000,50000,10000,40000,23899,16101,0.402525,25145,1843616,0,1454,107680,0.108666,0.008253,,0.716022,0.784409,0,hist_gb,,models/supervision_objective_learning_curve_v1/citibike/fraction_0.05/eviction_loss_scalar.pkl,1ff226746bb21ae2061013f9cc84ed3e04cca22c331766fba7a816a16961aec4,10.3622,93.2345,ok,
reviewer_fairness_v1,supervision_objective_learning_curve_v1,eviction_loss_scalar,0.05,citibike,cross_family_v1_citibike,128,citibike_202401_50k,1ddab59d9dd9cd32ced3bf7409a2e2432cc6453cd06a6837670babb7f5d77130,0,10000,10000,50000,10000,40000,24534,15466,0.38665,25145,1843616,0,1454,107680,0.108666,0.008253,,0.716022,0.784409,0,hist_gb,,models/supervision_objective_learning_curve_v1/citibike/fraction_0.05/eviction_loss_scalar.pkl,1ff226746bb21ae2061013f9cc84ed3e04cca22c331766fba7a816a16961aec4,10.3622,401.9387,ok,
reviewer_fairness_v1,supervision_objective_learning_curve_v1,eviction_loss_pairwise,0.05,citibike,cross_family_v1_citibike,32,citibike_202401_50k,1ddab59d9dd9cd32ced3bf7409a2e2432cc6453cd06a6837670babb7f5d77130,0,10000,10000,50000,10000,40000,6293,33707,0.842675,25145,1843616,2577,1454,107680,0.048831,0.000688,0.423077,,,0,,regret,models/supervision_objective_learning_curve_v1/citibike/fraction_0.05/eviction_loss_pairwise.pkl,39a2e157fb01d38959e1e17ee530c3d02d0a36bf6ebc9413da821e6512bef4a7,1.3886,40.4634,ok,
reviewer_fairness_v1,supervision_objective_learning_curve_v1,eviction_loss_pairwise,0.05,citibike,cross_family_v1_citibike,64,citibike_202401_50k,1ddab59d9dd9cd32ced3bf7409a2e2432cc6453cd06a6837670babb7f5d77130,0,10000,10000,50000,10000,40000,6722,33278,0.83195,25145,1843616,2577,1454,107680,0.048831,0.000688,0.423077,,,0,,regret,models/supervision_objective_learning_curve_v1/citibike/fraction_0.05/eviction_loss_pairwise.pkl,39a2e157fb01d38959e1e17ee530c3d02d0a36bf6ebc9413da821e6512bef4a7,1.3886,159.1073,ok,
reviewer_fairness_v1,supervision_objective_learning_curve_v1,eviction_loss_pairwise,0.05,citibike,cross_family_v1_citibike,128,citibike_202401_50k,1ddab59d9dd9cd32ced3bf7409a2e2432cc6453cd06a6837670babb7f5d77130,0,10000,10000,50000,10000,40000,7700,32300,0.8075,25145,1843616,2577,1454,107680,0.048831,0.000688,0.423077,,,0,,regret,models/supervision_objective_learning_curve_v1/citibike/fraction_0.05/eviction_loss_pairwise.pkl,39a2e157fb01d38959e1e17ee530c3d02d0a36bf6ebc9413da821e6512bef4a7,1.3886,807.7888,ok,
reviewer_fairness_v1,supervision_objective_learning_curve_v1,eviction_loss_scalar,0.1,citibike,cross_family_v1_citibike,32,citibike_202401_50k,1ddab59d9dd9cd32ced3bf7409a2e2432cc6453cd06a6837670babb7f5d77130,0,10000,10000,50000,10000,40000,22442,17558,0.43895,50290,3691200,0,1454,107680,0.114856,0.007565,,0.711122,0.777578,0,hist_gb,,models/supervision_objective_learning_curve_v1/citibike/fraction_0.1/eviction_loss_scalar.pkl,78453ed171ce9dc59f2bf33d3ecf096ee2ebffb61db1a5640213692acac0c6c8,20.6627,36.8734,ok,
reviewer_fairness_v1,supervision_objective_learning_curve_v1,eviction_loss_scalar,0.1,citibike,cross_family_v1_citibike,64,citibike_202401_50k,1ddab59d9dd9cd32ced3bf7409a2e2432cc6453cd06a6837670babb7f5d77130,0,10000,10000,50000,10000,40000,23914,16086,0.40215,50290,3691200,0,1454,107680,0.114856,0.007565,,0.711122,0.777578,0,hist_gb,,models/supervision_objective_learning_curve_v1/citibike/fraction_0.1/eviction_loss_scalar.pkl,78453ed171ce9dc59f2bf33d3ecf096ee2ebffb61db1a5640213692acac0c6c8,20.6627,126.7761,ok,
reviewer_fairness_v1,supervision_objective_learning_curve_v1,eviction_loss_scalar,0.1,citibike,cross_family_v1_citibike,128,citibike_202401_50k,1ddab59d9dd9cd32ced3bf7409a2e2432cc6453cd06a6837670babb7f5d77130,0,10000,10000,50000,10000,40000,24487,15513,0.387825,50290,3691200,0,1454,107680,0.114856,0.007565,,0.711122,0.777578,0,hist_gb,,models/supervision_objective_learning_curve_v1/citibike/fraction_0.1/eviction_loss_scalar.pkl,78453ed171ce9dc59f2bf33d3ecf096ee2ebffb61db1a5640213692acac0c6c8,20.6627,403.0904,ok,
reviewer_fairness_v1,supervision_objective_learning_curve_v1,eviction_loss_pairwise,0.1,citibike,cross_family_v1_citibike,32,citibike_202401_50k,1ddab59d9dd9cd32ced3bf7409a2e2432cc6453cd06a6837670babb7f5d77130,0,10000,10000,50000,10000,40000,6293,33707,0.842675,50290,3691200,5179,1454,107680,0.048831,0.000688,0.307692,,,0,,regret,models/supervision_objective_learning_curve_v1/citibike/fraction_0.1/eviction_loss_pairwise.pkl,7a9495dc7b7893a44cb1b0529f30ffccf6e9f3f45897fa5ca4cd9cc16b26f36c,2.0801,40.4401,ok,
reviewer_fairness_v1,supervision_objective_learning_curve_v1,eviction_loss_pairwise,0.1,citibike,cross_family_v1_citibike,64,citibike_202401_50k,1ddab59d9dd9cd32ced3bf7409a2e2432cc6453cd06a6837670babb7f5d77130,0,10000,10000,50000,10000,40000,6726,33274,0.83185,50290,3691200,5179,1454,107680,0.048831,0.000688,0.307692,,,0,,regret,models/supervision_objective_learning_curve_v1/citibike/fraction_0.1/eviction_loss_pairwise.pkl,7a9495dc7b7893a44cb1b0529f30ffccf6e9f3f45897fa5ca4cd9cc16b26f36c,2.0801,159.414,ok,
reviewer_fairness_v1,supervision_objective_learning_curve_v1,eviction_loss_pairwise,0.1,citibike,cross_family_v1_citibike,128,citibike_202401_50k,1ddab59d9dd9cd32ced3bf7409a2e2432cc6453cd06a6837670babb7f5d77130,0,10000,10000,50000,10000,40000,7678,32322,0.80805,50290,3691200,5179,1454,107680,0.048831,0.000688,0.307692,,,0,,regret,models/supervision_objective_learning_curve_v1/citibike/fraction_0.1/eviction_loss_pairwise.pkl,7a9495dc7b7893a44cb1b0529f30ffccf6e9f3f45897fa5ca4cd9cc16b26f36c,2.0801,809.5892,ok,
reviewer_fairness_v1,supervision_objective_learning_curve_v1,eviction_loss_scalar,0.01,cloudphysics,cross_family_v1_cloudphysics,32,cloudphysics_alibaba_block_head_50k,fedb3d31ee3c1dd847d25f967392cdf0fdec1e9c1fbb6808772e281bc8d4fb57,0,10000,10000,50000,10000,40000,248,39752,0.9938,4732,349568,0,856,60832,0.136682,0.268692,,1.008874,1.261499,0,random_forest,,models/supervision_objective_learning_curve_v1/cloudphysics/fraction_0.01/eviction_loss_scalar.pkl,6b100ad032c99054e0fe1a3aadfc3fcf6ecba79efe67c7300fdb84925ad24b68,15.5878,160.179,ok,
reviewer_fairness_v1,supervision_objective_learning_curve_v1,eviction_loss_scalar,0.01,cloudphysics,cross_family_v1_cloudphysics,64,cloudphysics_alibaba_block_head_50k,fedb3d31ee3c1dd847d25f967392cdf0fdec1e9c1fbb6808772e281bc8d4fb57,0,10000,10000,50000,10000,40000,553,39447,0.986175,4732,349568,0,856,60832,0.136682,0.268692,,1.008874,1.261499,0,random_forest,,models/supervision_objective_learning_curve_v1/cloudphysics/fraction_0.01/eviction_loss_scalar.pkl,6b100ad032c99054e0fe1a3aadfc3fcf6ecba79efe67c7300fdb84925ad24b68,15.5878,299.4501,ok,
reviewer_fairness_v1,supervision_objective_learning_curve_v1,eviction_loss_scalar,0.01,cloudphysics,cross_family_v1_cloudphysics,128,cloudphysics_alibaba_block_head_50k,fedb3d31ee3c1dd847d25f967392cdf0fdec1e9c1fbb6808772e281bc8d4fb57,0,10000,10000,50000,10000,40000,671,39329,0.983225,4732,349568,0,856,60832,0.136682,0.268692,,1.008874,1.261499,0,random_forest,,models/supervision_objective_learning_curve_v1/cloudphysics/fraction_0.01/eviction_loss_scalar.pkl,6b100ad032c99054e0fe1a3aadfc3fcf6ecba79efe67c7300fdb84925ad24b68,15.5878,1020.2492,ok,
reviewer_fairness_v1,supervision_objective_learning_curve_v1,eviction_loss_pairwise,0.01,cloudphysics,cross_family_v1_cloudphysics,32,cloudphysics_alibaba_block_head_50k,fedb3d31ee3c1dd847d25f967392cdf0fdec1e9c1fbb6808772e281bc8d4fb57,0,10000,10000,50000,10000,40000,4,39996,0.9999,4732,349568,405,856,60832,0.32243,0.623832,0.920792,,,0,,regret,models/supervision_objective_learning_curve_v1/cloudphysics/fraction_0.01/eviction_loss_pairwise.pkl,e05ea3ba37a38ebdeb8a71d4affad191c5dd6f7054033d8cdd79854d25fcd063,0.3944,44.8952,ok,
reviewer_fairness_v1,supervision_objective_learning_curve_v1,eviction_loss_pairwise,0.01,cloudphysics,cross_family_v1_cloudphysics,64,cloudphysics_alibaba_block_head_50k,fedb3d31ee3c1dd847d25f967392cdf0fdec1e9c1fbb6808772e281bc8d4fb57,0,10000,10000,50000,10000,40000,4,39996,0.9999,4732,349568,405,856,60832,0.32243,0.623832,0.920792,,,0,,regret,models/supervision_objective_learning_curve_v1/cloudphysics/fraction_0.01/eviction_loss_pairwise.pkl,e05ea3ba37a38ebdeb8a71d4affad191c5dd6f7054033d8cdd79854d25fcd063,0.3944,176.8124,ok,
reviewer_fairness_v1,supervision_objective_learning_curve_v1,eviction_loss_pairwise,0.01,cloudphysics,cross_family_v1_cloudphysics,128,cloudphysics_alibaba_block_head_50k,fedb3d31ee3c1dd847d25f967392cdf0fdec1e9c1fbb6808772e281bc8d4fb57,0,10000,10000,50000,10000,40000,27,39973,0.999325,4732,349568,405,856,60832,0.32243,0.623832,0.920792,,,0,,regret,models/supervision_objective_learning_curve_v1/cloudphysics/fraction_0.01/eviction_loss_pairwise.pkl,e05ea3ba37a38ebdeb8a71d4affad191c5dd6f7054033d8cdd79854d25fcd063,0.3944,885.3219,ok,
reviewer_fairness_v1,supervision_objective_learning_curve_v1,eviction_loss_scalar,0.02,cloudphysics,cross_family_v1_cloudphysics,32,cloudphysics_alibaba_block_head_50k,fedb3d31ee3c1dd847d25f967392cdf0fdec1e9c1fbb6808772e281bc8d4fb57,0,10000,10000,50000,10000,40000,232,39768,0.9942,9464,699072,0,856,60832,0.082944,0.162383,,1.00099,1.252819,0,random_forest,,models/supervision_objective_learning_curve_v1/cloudphysics/fraction_0.02/eviction_loss_scalar.pkl,53fa3b4e08374ce35a720dd8602adb86f2299c8b7b91b8302b9e761a0840437f,40.151,160.5472,ok,
reviewer_fairness_v1,supervision_objective_learning_curve_v1,eviction_loss_scalar,0.02,cloudphysics,cross_family_v1_cloudphysics,64,cloudphysics_alibaba_block_head_50k,fedb3d31ee3c1dd847d25f967392cdf0fdec1e9c1fbb6808772e281bc8d4fb57,0,10000,10000,50000,10000,40000,597,39403,0.985075,9464,699072,0,856,60832,0.082944,0.162383,,1.00099,1.252819,0,random_forest,,models/supervision_objective_learning_curve_v1/cloudphysics/fraction_0.02/eviction_loss_scalar.pkl,53fa3b4e08374ce35a720dd8602adb86f2299c8b7b91b8302b9e761a0840437f,40.151,298.7635,ok,
reviewer_fairness_v1,supervision_objective_learning_curve_v1,eviction_loss_scalar,0.02,cloudphysics,cross_family_v1_cloudphysics,128,cloudphysics_alibaba_block_head_50k,fedb3d31ee3c1dd847d25f967392cdf0fdec1e9c1fbb6808772e281bc8d4fb57,0,10000,10000,50000,10000,40000,681,39319,0.982975,9464,699072,0,856,60832,0.082944,0.162383,,1.00099,1.252819,0,random_forest,,models/supervision_objective_learning_curve_v1/cloudphysics/fraction_0.02/eviction_loss_scalar.pkl,53fa3b4e08374ce35a720dd8602adb86f2299c8b7b91b8302b9e761a0840437f,40.151,1020.5661,ok,
reviewer_fairness_v1,supervision_objective_learning_curve_v1,eviction_loss_pairwise,0.02,cloudphysics,cross_family_v1_cloudphysics,32,cloudphysics_alibaba_block_head_50k,fedb3d31ee3c1dd847d25f967392cdf0fdec1e9c1fbb6808772e281bc8d4fb57,0,10000,10000,50000,10000,40000,4,39996,0.9999,9464,699072,894,856,60832,0.32243,0.626168,0.920792,,,0,,regret,models/supervision_objective_learning_curve_v1/cloudphysics/fraction_0.02/eviction_loss_pairwise.pkl,7f3d87a953d120df84fb63fa14e26a8d2c985572fc0bc67cf54851b39f71eb53,0.5755,44.6004,ok,
reviewer_fairness_v1,supervision_objective_learning_curve_v1,eviction_loss_pairwise,0.02,cloudphysics,cross_family_v1_cloudphysics,64,cloudphysics_alibaba_block_head_50k,fedb3d31ee3c1dd847d25f967392cdf0fdec1e9c1fbb6808772e281bc8d4fb57,0,10000,10000,50000,10000,40000,4,39996,0.9999,9464,699072,894,856,60832,0.32243,0.626168,0.920792,,,0,,regret,models/supervision_objective_learning_curve_v1/cloudphysics/fraction_0.02/eviction_loss_pairwise.pkl,7f3d87a953d120df84fb63fa14e26a8d2c985572fc0bc67cf54851b39f71eb53,0.5755,176.8636,ok,
reviewer_fairness_v1,supervision_objective_learning_curve_v1,eviction_loss_pairwise,0.02,cloudphysics,cross_family_v1_cloudphysics,128,cloudphysics_alibaba_block_head_50k,fedb3d31ee3c1dd847d25f967392cdf0fdec1e9c1fbb6808772e281bc8d4fb57,0,10000,10000,50000,10000,40000,27,39973,0.999325,9464,699072,894,856,60832,0.32243,0.626168,0.920792,,,0,,regret,models/supervision_objective_learning_curve_v1/cloudphysics/fraction_0.02/eviction_loss_pairwise.pkl,7f3d87a953d120df84fb63fa14e26a8d2c985572fc0bc67cf54851b39f71eb53,0.5755,883.5611,ok,
reviewer_fairness_v1,supervision_objective_learning_curve_v1,eviction_loss_scalar,0.05,cloudphysics,cross_family_v1_cloudphysics,32,cloudphysics_alibaba_block_head_50k,fedb3d31ee3c1dd847d25f967392cdf0fdec1e9c1fbb6808772e281bc8d4fb57,0,10000,10000,50000,10000,40000,249,39751,0.993775,23659,1737632,0,856,60832,0.088785,0.136682,,1.001007,1.252213,0,random_forest,,models/supervision_objective_learning_curve_v1/cloudphysics/fraction_0.05/eviction_loss_scalar.pkl,500101ed712f82cedc1c93eb0873f5328b0621353da798ac78adaf080ed63367,127.2931,160.9829,ok,
reviewer_fairness_v1,supervision_objective_learning_curve_v1,eviction_loss_scalar,0.05,cloudphysics,cross_family_v1_cloudphysics,64,cloudphysics_alibaba_block_head_50k,fedb3d31ee3c1dd847d25f967392cdf0fdec1e9c1fbb6808772e281bc8d4fb57,0,10000,10000,50000,10000,40000,599,39401,0.985025,23659,1737632,0,856,60832,0.088785,0.136682,,1.001007,1.252213,0,random_forest,,models/supervision_objective_learning_curve_v1/cloudphysics/fraction_0.05/eviction_loss_scalar.pkl,500101ed712f82cedc1c93eb0873f5328b0621353da798ac78adaf080ed63367,127.2931,299.7162,ok,
reviewer_fairness_v1,supervision_objective_learning_curve_v1,eviction_loss_scalar,0.05,cloudphysics,cross_family_v1_cloudphysics,128,cloudphysics_alibaba_block_head_50k,fedb3d31ee3c1dd847d25f967392cdf0fdec1e9c1fbb6808772e281bc8d4fb57,0,10000,10000,50000,10000,40000,689,39311,0.982775,23659,1737632,0,856,60832,0.088785,0.136682,,1.001007,1.252213,0,random_forest,,models/supervision_objective_learning_curve_v1/cloudphysics/fraction_0.05/eviction_loss_scalar.pkl,500101ed712f82cedc1c93eb0873f5328b0621353da798ac78adaf080ed63367,127.2931,1022.0205,ok,
reviewer_fairness_v1,supervision_objective_learning_curve_v1,eviction_loss_pairwise,0.05,cloudphysics,cross_family_v1_cloudphysics,32,cloudphysics_alibaba_block_head_50k,fedb3d31ee3c1dd847d25f967392cdf0fdec1e9c1fbb6808772e281bc8d4fb57,0,10000,10000,50000,10000,40000,4,39996,0.9999,23659,1737632,2273,856,60832,0.321262,0.625,0.920792,,,0,,regret,models/supervision_objective_learning_curve_v1/cloudphysics/fraction_0.05/eviction_loss_pairwise.pkl,c44dc92b0ab07ff0f6a663b4c85534d1e6ecc0d61373b7756a850280bd2eb2bb,1.2606,44.4618,ok,
reviewer_fairness_v1,supervision_objective_learning_curve_v1,eviction_loss_pairwise,0.05,cloudphysics,cross_family_v1_cloudphysics,64,cloudphysics_alibaba_block_head_50k,fedb3d31ee3c1dd847d25f967392cdf0fdec1e9c1fbb6808772e281bc8d4fb57,0,10000,10000,50000,10000,40000,4,39996,0.9999,23659,1737632,2273,856,60832,0.321262,0.625,0.920792,,,0,,regret,models/supervision_objective_learning_curve_v1/cloudphysics/fraction_0.05/eviction_loss_pairwise.pkl,c44dc92b0ab07ff0f6a663b4c85534d1e6ecc0d61373b7756a850280bd2eb2bb,1.2606,176.8849,ok,
reviewer_fairness_v1,supervision_objective_learning_curve_v1,eviction_loss_pairwise,0.05,cloudphysics,cross_family_v1_cloudphysics,128,cloudphysics_alibaba_block_head_50k,fedb3d31ee3c1dd847d25f967392cdf0fdec1e9c1fbb6808772e281bc8d4fb57,0,10000,10000,50000,10000,40000,27,39973,0.999325,23659,1737632,2273,856,60832,0.321262,0.625,0.920792,,,0,,regret,models/supervision_objective_learning_curve_v1/cloudphysics/fraction_0.05/eviction_loss_pairwise.pkl,c44dc92b0ab07ff0f6a663b4c85534d1e6ecc0d61373b7756a850280bd2eb2bb,1.2606,884.1324,ok,
reviewer_fairness_v1,supervision_objective_learning_curve_v1,eviction_loss_scalar,0.1,cloudphysics,cross_family_v1_cloudphysics,32,cloudphysics_alibaba_block_head_50k,fedb3d31ee3c1dd847d25f967392cdf0fdec1e9c1fbb6808772e281bc8d4fb57,0,10000,10000,50000,10000,40000,258,39742,0.99355,47317,3468896,0,856,60832,0.101636,0.185748,,1.001672,1.25291,0,random_forest,,models/supervision_objective_learning_curve_v1/cloudphysics/fraction_0.1/eviction_loss_scalar.pkl,e1d51e38f14de166d4fb0d72d19b0da300ee18cc273a0bf242172b6d2167e13c,304.3338,160.3793,ok,
reviewer_fairness_v1,supervision_objective_learning_curve_v1,eviction_loss_scalar,0.1,cloudphysics,cross_family_v1_cloudphysics,64,cloudphysics_alibaba_block_head_50k,fedb3d31ee3c1dd847d25f967392cdf0fdec1e9c1fbb6808772e281bc8d4fb57,0,10000,10000,50000,10000,40000,607,39393,0.984825,47317,3468896,0,856,60832,0.101636,0.185748,,1.001672,1.25291,0,random_forest,,models/supervision_objective_learning_curve_v1/cloudphysics/fraction_0.1/eviction_loss_scalar.pkl,e1d51e38f14de166d4fb0d72d19b0da300ee18cc273a0bf242172b6d2167e13c,304.3338,299.8034,ok,
reviewer_fairness_v1,supervision_objective_learning_curve_v1,eviction_loss_scalar,0.1,cloudphysics,cross_family_v1_cloudphysics,128,cloudphysics_alibaba_block_head_50k,fedb3d31ee3c1dd847d25f967392cdf0fdec1e9c1fbb6808772e281bc8d4fb57,0,10000,10000,50000,10000,40000,680,39320,0.983,47317,3468896,0,856,60832,0.101636,0.185748,,1.001672,1.25291,0,random_forest,,models/supervision_objective_learning_curve_v1/cloudphysics/fraction_0.1/eviction_loss_scalar.pkl,e1d51e38f14de166d4fb0d72d19b0da300ee18cc273a0bf242172b6d2167e13c,304.3338,1021.3181,ok,
reviewer_fairness_v1,supervision_objective_learning_curve_v1,eviction_loss_pairwise,0.1,cloudphysics,cross_family_v1_cloudphysics,32,cloudphysics_alibaba_block_head_50k,fedb3d31ee3c1dd847d25f967392cdf0fdec1e9c1fbb6808772e281bc8d4fb57,0,10000,10000,50000,10000,40000,4,39996,0.9999,47317,3468896,4512,856,60832,0.32243,0.625,0.920792,,,0,,regret,models/supervision_objective_learning_curve_v1/cloudphysics/fraction_0.1/eviction_loss_pairwise.pkl,4cc1426a038e3b3e2970ead452148bdaa25c3d5658dd9517e445e9677960c9b2,1.9286,44.7396,ok,
reviewer_fairness_v1,supervision_objective_learning_curve_v1,eviction_loss_pairwise,0.1,cloudphysics,cross_family_v1_cloudphysics,64,cloudphysics_alibaba_block_head_50k,fedb3d31ee3c1dd847d25f967392cdf0fdec1e9c1fbb6808772e281bc8d4fb57,0,10000,10000,50000,10000,40000,4,39996,0.9999,47317,3468896,4512,856,60832,0.32243,0.625,0.920792,,,0,,regret,models/supervision_objective_learning_curve_v1/cloudphysics/fraction_0.1/eviction_loss_pairwise.pkl,4cc1426a038e3b3e2970ead452148bdaa25c3d5658dd9517e445e9677960c9b2,1.9286,177.2515,ok,
reviewer_fairness_v1,supervision_objective_learning_curve_v1,eviction_loss_pairwise,0.1,cloudphysics,cross_family_v1_cloudphysics,128,cloudphysics_alibaba_block_head_50k,fedb3d31ee3c1dd847d25f967392cdf0fdec1e9c1fbb6808772e281bc8d4fb57,0,10000,10000,50000,10000,40000,27,39973,0.999325,47317,3468896,4512,856,60832,0.32243,0.625,0.920792,,,0,,regret,models/supervision_objective_learning_curve_v1/cloudphysics/fraction_0.1/eviction_loss_pairwise.pkl,4cc1426a038e3b3e2970ead452148bdaa25c3d5658dd9517e445e9677960c9b2,1.9286,885.7674,ok,
reviewer_fairness_v1,supervision_objective_learning_curve_v1,eviction_loss_scalar,0.01,metacdn,cross_family_v1_metacdn,32,metacdn_cdn_202303_head_50k,7301f02e1373cb7e06f1ed2c417a8ebe16581319354780f811c8d032391f4e73,0,10000,10000,50000,10000,40000,10487,29513,0.737825,5047,372416,0,1139,84864,0.019315,0.006146,,0.788153,0.970076,0,hist_gb,,models/supervision_objective_learning_curve_v1/metacdn/fraction_0.01/eviction_loss_scalar.pkl,8c7dc69b323ad0ae0fffedfffe2f2f2f0d04162e0b33d0ce172a97409799d61a,2.6972,62.6889,ok,
reviewer_fairness_v1,supervision_objective_learning_curve_v1,eviction_loss_scalar,0.01,metacdn,cross_family_v1_metacdn,64,metacdn_cdn_202303_head_50k,7301f02e1373cb7e06f1ed2c417a8ebe16581319354780f811c8d032391f4e73,0,10000,10000,50000,10000,40000,14130,25870,0.64675,5047,372416,0,1139,84864,0.019315,0.006146,,0.788153,0.970076,0,hist_gb,,models/supervision_objective_learning_curve_v1/metacdn/fraction_0.01/eviction_loss_scalar.pkl,8c7dc69b323ad0ae0fffedfffe2f2f2f0d04162e0b33d0ce172a97409799d61a,2.6972,143.2576,ok,
reviewer_fairness_v1,supervision_objective_learning_curve_v1,eviction_loss_scalar,0.01,metacdn,cross_family_v1_metacdn,128,metacdn_cdn_202303_head_50k,7301f02e1373cb7e06f1ed2c417a8ebe16581319354780f811c8d032391f4e73,0,10000,10000,50000,10000,40000,12246,27754,0.69385,5047,372416,0,1139,84864,0.019315,0.006146,,0.788153,0.970076,0,hist_gb,,models/supervision_objective_learning_curve_v1/metacdn/fraction_0.01/eviction_loss_scalar.pkl,8c7dc69b323ad0ae0fffedfffe2f2f2f0d04162e0b33d0ce172a97409799d61a,2.6972,631.906,ok,
reviewer_fairness_v1,supervision_objective_learning_curve_v1,eviction_loss_pairwise,0.01,metacdn,cross_family_v1_metacdn,32,metacdn_cdn_202303_head_50k,7301f02e1373cb7e06f1ed2c417a8ebe16581319354780f811c8d032391f4e73,0,10000,10000,50000,10000,40000,5626,34374,0.85935,5047,372416,380,1139,84864,0.012291,0.032485,0.955556,,,0,,regret,models/supervision_objective_learning_curve_v1/metacdn/fraction_0.01/eviction_loss_pairwise.pkl,2168351153cb18e0a16846f319b158ab3ff61b956db62d9ce3a9227f1e9254fc,0.4558,38.2835,ok,
reviewer_fairness_v1,supervision_objective_learning_curve_v1,eviction_loss_pairwise,0.01,metacdn,cross_family_v1_metacdn,64,metacdn_cdn_202303_head_50k,7301f02e1373cb7e06f1ed2c417a8ebe16581319354780f811c8d032391f4e73,0,10000,10000,50000,10000,40000,5626,34374,0.85935,5047,372416,380,1139,84864,0.012291,0.032485,0.955556,,,0,,regret,models/supervision_objective_learning_curve_v1/metacdn/fraction_0.01/eviction_loss_pairwise.pkl,2168351153cb18e0a16846f319b158ab3ff61b956db62d9ce3a9227f1e9254fc,0.4558,147.2554,ok,
reviewer_fairness_v1,supervision_objective_learning_curve_v1,eviction_loss_pairwise,0.01,metacdn,cross_family_v1_metacdn,128,metacdn_cdn_202303_head_50k,7301f02e1373cb7e06f1ed2c417a8ebe16581319354780f811c8d032391f4e73,0,10000,10000,50000,10000,40000,5630,34370,0.85925,5047,372416,380,1139,84864,0.012291,0.032485,0.955556,,,0,,regret,models/supervision_objective_learning_curve_v1/metacdn/fraction_0.01/eviction_loss_pairwise.pkl,2168351153cb18e0a16846f319b158ab3ff61b956db62d9ce3a9227f1e9254fc,0.4558,699.9376,ok,
reviewer_fairness_v1,supervision_objective_learning_curve_v1,eviction_loss_scalar,0.02,metacdn,cross_family_v1_metacdn,32,metacdn_cdn_202303_head_50k,7301f02e1373cb7e06f1ed2c417a8ebe16581319354780f811c8d032391f4e73,0,10000,10000,50000,10000,40000,10812,29188,0.7297,10094,742400,0,1139,84864,0.016681,0.007902,,0.789573,0.970345,0,hist_gb,,models/supervision_objective_learning_curve_v1/metacdn/fraction_0.02/eviction_loss_scalar.pkl,ccc3a800c553cbb7f45932fdd2d8ce6e0f3d2f80d17958dbd67a0aa3ce8a095a,4.2849,61.947,ok,
reviewer_fairness_v1,supervision_objective_learning_curve_v1,eviction_loss_scalar,0.02,metacdn,cross_family_v1_metacdn,64,metacdn_cdn_202303_head_50k,7301f02e1373cb7e06f1ed2c417a8ebe16581319354780f811c8d032391f4e73,0,10000,10000,50000,10000,40000,14571,25429,0.635725,10094,742400,0,1139,84864,0.016681,0.007902,,0.789573,0.970345,0,hist_gb,,models/supervision_objective_learning_curve_v1/metacdn/fraction_0.02/eviction_loss_scalar.pkl,ccc3a800c553cbb7f45932fdd2d8ce6e0f3d2f80d17958dbd67a0aa3ce8a095a,4.2849,140.2748,ok,
reviewer_fairness_v1,supervision_objective_learning_curve_v1,eviction_loss_scalar,0.02,metacdn,cross_family_v1_metacdn,128,metacdn_cdn_202303_head_50k,7301f02e1373cb7e06f1ed2c417a8ebe16581319354780f811c8d032391f4e73,0,10000,10000,50000,10000,40000,14471,25529,0.638225,10094,742400,0,1139,84864,0.016681,0.007902,,0.789573,0.970345,0,hist_gb,,models/supervision_objective_learning_curve_v1/metacdn/fraction_0.02/eviction_loss_scalar.pkl,ccc3a800c553cbb7f45932fdd2d8ce6e0f3d2f80d17958dbd67a0aa3ce8a095a,4.2849,582.8175,ok,
reviewer_fairness_v1,supervision_objective_learning_curve_v1,eviction_loss_pairwise,0.02,metacdn,cross_family_v1_metacdn,32,metacdn_cdn_202303_head_50k,7301f02e1373cb7e06f1ed2c417a8ebe16581319354780f811c8d032391f4e73,0,10000,10000,50000,10000,40000,5626,34374,0.85935,10094,742400,881,1139,84864,0.012291,0.036874,0.955556,,,0,,regret,models/supervision_objective_learning_curve_v1/metacdn/fraction_0.02/eviction_loss_pairwise.pkl,c7a17d9a2da3b06d388322d529171abd5d0a408ded8b77f47b0766a49556ee91,0.798,38.6435,ok,
reviewer_fairness_v1,supervision_objective_learning_curve_v1,eviction_loss_pairwise,0.02,metacdn,cross_family_v1_metacdn,64,metacdn_cdn_202303_head_50k,7301f02e1373cb7e06f1ed2c417a8ebe16581319354780f811c8d032391f4e73,0,10000,10000,50000,10000,40000,5626,34374,0.85935,10094,742400,881,1139,84864,0.012291,0.036874,0.955556,,,0,,regret,models/supervision_objective_learning_curve_v1/metacdn/fraction_0.02/eviction_loss_pairwise.pkl,c7a17d9a2da3b06d388322d529171abd5d0a408ded8b77f47b0766a49556ee91,0.798,147.3256,ok,
reviewer_fairness_v1,supervision_objective_learning_curve_v1,eviction_loss_pairwise,0.02,metacdn,cross_family_v1_metacdn,128,metacdn_cdn_202303_head_50k,7301f02e1373cb7e06f1ed2c417a8ebe16581319354780f811c8d032391f4e73,0,10000,10000,50000,10000,40000,5630,34370,0.85925,10094,742400,881,1139,84864,0.012291,0.036874,0.955556,,,0,,regret,models/supervision_objective_learning_curve_v1/metacdn/fraction_0.02/eviction_loss_pairwise.pkl,c7a17d9a2da3b06d388322d529171abd5d0a408ded8b77f47b0766a49556ee91,0.798,702.5654,ok,
reviewer_fairness_v1,supervision_objective_learning_curve_v1,eviction_loss_scalar,0.05,metacdn,cross_family_v1_metacdn,32,metacdn_cdn_202303_head_50k,7301f02e1373cb7e06f1ed2c417a8ebe16581319354780f811c8d032391f4e73,0,10000,10000,50000,10000,40000,10700,29300,0.7325,25234,1855648,0,1139,84864,0.016681,0.006146,,0.790762,0.972086,0,hist_gb,,models/supervision_objective_learning_curve_v1/metacdn/fraction_0.05/eviction_loss_scalar.pkl,4a908ae298cd83049b532c4af5ca1336e6da7d0bb81eba483246201afb22e3a8,10.6178,62.4121,ok,
reviewer_fairness_v1,supervision_objective_learning_curve_v1,eviction_loss_scalar,0.05,metacdn,cross_family_v1_metacdn,64,metacdn_cdn_202303_head_50k,7301f02e1373cb7e06f1ed2c417a8ebe16581319354780f811c8d032391f4e73,0,10000,10000,50000,10000,40000,13460,26540,0.6635,25234,1855648,0,1139,84864,0.016681,0.006146,,0.790762,0.972086,0,hist_gb,,models/supervision_objective_learning_curve_v1/metacdn/fraction_0.05/eviction_loss_scalar.pkl,4a908ae298cd83049b532c4af5ca1336e6da7d0bb81eba483246201afb22e3a8,10.6178,148.8912,ok,
reviewer_fairness_v1,supervision_objective_learning_curve_v1,eviction_loss_scalar,0.05,metacdn,cross_family_v1_metacdn,128,metacdn_cdn_202303_head_50k,7301f02e1373cb7e06f1ed2c417a8ebe16581319354780f811c8d032391f4e73,0,10000,10000,50000,10000,40000,16107,23893,0.597325,25234,1855648,0,1139,84864,0.016681,0.006146,,0.790762,0.972086,0,hist_gb,,models/supervision_objective_learning_curve_v1/metacdn/fraction_0.05/eviction_loss_scalar.pkl,4a908ae298cd83049b532c4af5ca1336e6da7d0bb81eba483246201afb22e3a8,10.6178,548.5684,ok,
reviewer_fairness_v1,supervision_objective_learning_curve_v1,eviction_loss_pairwise,0.05,metacdn,cross_family_v1_metacdn,32,metacdn_cdn_202303_head_50k,7301f02e1373cb7e06f1ed2c417a8ebe16581319354780f811c8d032391f4e73,0,10000,10000,50000,10000,40000,5626,34374,0.85935,25234,1855648,2233,1139,84864,0.012291,0.037752,0.955556,,,0,,regret,models/supervision_objective_learning_curve_v1/metacdn/fraction_0.05/eviction_loss_pairwise.pkl,6702893ce5649f8f584d7dd050f04ab2a7f2bb01b7ed57b954b8b701afdffd8d,1.1862,38.5099,ok,
reviewer_fairness_v1,supervision_objective_learning_curve_v1,eviction_loss_pairwise,0.05,metacdn,cross_family_v1_metacdn,64,metacdn_cdn_202303_head_50k,7301f02e1373cb7e06f1ed2c417a8ebe16581319354780f811c8d032391f4e73,0,10000,10000,50000,10000,40000,5626,34374,0.85935,25234,1855648,2233,1139,84864,0.012291,0.037752,0.955556,,,0,,regret,models/supervision_objective_learning_curve_v1/metacdn/fraction_0.05/eviction_loss_pairwise.pkl,6702893ce5649f8f584d7dd050f04ab2a7f2bb01b7ed57b954b8b701afdffd8d,1.1862,146.5946,ok,
reviewer_fairness_v1,supervision_objective_learning_curve_v1,eviction_loss_pairwise,0.05,metacdn,cross_family_v1_metacdn,128,metacdn_cdn_202303_head_50k,7301f02e1373cb7e06f1ed2c417a8ebe16581319354780f811c8d032391f4e73,0,10000,10000,50000,10000,40000,5630,34370,0.85925,25234,1855648,2233,1139,84864,0.012291,0.037752,0.955556,,,0,,regret,models/supervision_objective_learning_curve_v1/metacdn/fraction_0.05/eviction_loss_pairwise.pkl,6702893ce5649f8f584d7dd050f04ab2a7f2bb01b7ed57b954b8b701afdffd8d,1.1862,701.6409,ok,
reviewer_fairness_v1,supervision_objective_learning_curve_v1,eviction_loss_scalar,0.1,metacdn,cross_family_v1_metacdn,32,metacdn_cdn_202303_head_50k,7301f02e1373cb7e06f1ed2c417a8ebe16581319354780f811c8d032391f4e73,0,10000,10000,50000,10000,40000,10689,29311,0.732775,50468,3701408,0,1139,84864,0.017559,0.006146,,0.788186,0.969336,0,hist_gb,,models/supervision_objective_learning_curve_v1/metacdn/fraction_0.1/eviction_loss_scalar.pkl,f9a3f92b9e3a5aa93fd11048c7cd94279ce3a4814b53c2549f79ab4d9e60f971,21.1357,62.4248,ok,
reviewer_fairness_v1,supervision_objective_learning_curve_v1,eviction_loss_scalar,0.1,metacdn,cross_family_v1_metacdn,64,metacdn_cdn_202303_head_50k,7301f02e1373cb7e06f1ed2c417a8ebe16581319354780f811c8d032391f4e73,0,10000,10000,50000,10000,40000,15791,24209,0.605225,50468,3701408,0,1139,84864,0.017559,0.006146,,0.788186,0.969336,0,hist_gb,,models/supervision_objective_learning_curve_v1/metacdn/fraction_0.1/eviction_loss_scalar.pkl,f9a3f92b9e3a5aa93fd11048c7cd94279ce3a4814b53c2549f79ab4d9e60f971,21.1357,134.7057,ok,
reviewer_fairness_v1,supervision_objective_learning_curve_v1,eviction_loss_scalar,0.1,metacdn,cross_family_v1_metacdn,128,metacdn_cdn_202303_head_50k,7301f02e1373cb7e06f1ed2c417a8ebe16581319354780f811c8d032391f4e73,0,10000,10000,50000,10000,40000,16353,23647,0.591175,50468,3701408,0,1139,84864,0.017559,0.006146,,0.788186,0.969336,0,hist_gb,,models/supervision_objective_learning_curve_v1/metacdn/fraction_0.1/eviction_loss_scalar.pkl,f9a3f92b9e3a5aa93fd11048c7cd94279ce3a4814b53c2549f79ab4d9e60f971,21.1357,543.1487,ok,
reviewer_fairness_v1,supervision_objective_learning_curve_v1,eviction_loss_pairwise,0.1,metacdn,cross_family_v1_metacdn,32,metacdn_cdn_202303_head_50k,7301f02e1373cb7e06f1ed2c417a8ebe16581319354780f811c8d032391f4e73,0,10000,10000,50000,10000,40000,5626,34374,0.85935,50468,3701408,4442,1139,84864,0.011414,0.039508,0.955556,,,0,,regret,models/supervision_objective_learning_curve_v1/metacdn/fraction_0.1/eviction_loss_pairwise.pkl,daf4b7d108358828ba1cfb8c83b9a5a86ceccc6850c19058ab7ecf79d9058d6d,2.0563,38.5261,ok,
reviewer_fairness_v1,supervision_objective_learning_curve_v1,eviction_loss_pairwise,0.1,metacdn,cross_family_v1_metacdn,64,metacdn_cdn_202303_head_50k,7301f02e1373cb7e06f1ed2c417a8ebe16581319354780f811c8d032391f4e73,0,10000,10000,50000,10000,40000,5626,34374,0.85935,50468,3701408,4442,1139,84864,0.011414,0.039508,0.955556,,,0,,regret,models/supervision_objective_learning_curve_v1/metacdn/fraction_0.1/eviction_loss_pairwise.pkl,daf4b7d108358828ba1cfb8c83b9a5a86ceccc6850c19058ab7ecf79d9058d6d,2.0563,147.1451,ok,
reviewer_fairness_v1,supervision_objective_learning_curve_v1,eviction_loss_pairwise,0.1,metacdn,cross_family_v1_metacdn,128,metacdn_cdn_202303_head_50k,7301f02e1373cb7e06f1ed2c417a8ebe16581319354780f811c8d032391f4e73,0,10000,10000,50000,10000,40000,5630,34370,0.85925,50468,3701408,4442,1139,84864,0.011414,0.039508,0.955556,,,0,,regret,models/supervision_objective_learning_curve_v1/metacdn/fraction_0.1/eviction_loss_pairwise.pkl,daf4b7d108358828ba1cfb8c83b9a5a86ceccc6850c19058ab7ecf79d9058d6d,2.0563,700.9474,ok,
reviewer_fairness_v1,supervision_objective_learning_curve_v1,eviction_loss_scalar,0.25,brightkite,cross_family_v1_brightkite,32,brightkite_50k,04c8cebb51742e7f192b6654e0e3029690a74b8ff494db771f0e132dc68d01de,0,10000,10000,50000,10000,40000,23501,16499,0.412475,149597,11034560,0,559,42528,0.005367,0.014311,,1.429037,1.752501,0,ridge,,/home/soroush/Augmented-caching-kbs-second-revision/models/supervision_objective_learning_curve_v1/brightkite/fraction_0.25/eviction_loss_scalar.pkl,404e959942c235c98fd0f23b6b92abfce4acf730c22d7209cc85db9b69015603,34.2407,20.0612,ok,
reviewer_fairness_v1,supervision_objective_learning_curve_v1,eviction_loss_scalar,0.25,brightkite,cross_family_v1_brightkite,64,brightkite_50k,04c8cebb51742e7f192b6654e0e3029690a74b8ff494db771f0e132dc68d01de,0,10000,10000,50000,10000,40000,23962,16038,0.40095,149597,11034560,0,559,42528,0.005367,0.014311,,1.429037,1.752501,0,ridge,,/home/soroush/Augmented-caching-kbs-second-revision/models/supervision_objective_learning_curve_v1/brightkite/fraction_0.25/eviction_loss_scalar.pkl,404e959942c235c98fd0f23b6b92abfce4acf730c22d7209cc85db9b69015603,34.2407,74.5847,ok,
reviewer_fairness_v1,supervision_objective_learning_curve_v1,eviction_loss_scalar,0.25,brightkite,cross_family_v1_brightkite,128,brightkite_50k,04c8cebb51742e7f192b6654e0e3029690a74b8ff494db771f0e132dc68d01de,0,10000,10000,50000,10000,40000,24055,15945,0.398625,149597,11034560,0,559,42528,0.005367,0.014311,,1.429037,1.752501,0,ridge,,/home/soroush/Augmented-caching-kbs-second-revision/models/supervision_objective_learning_curve_v1/brightkite/fraction_0.25/eviction_loss_scalar.pkl,404e959942c235c98fd0f23b6b92abfce4acf730c22d7209cc85db9b69015603,34.2407,364.7195,ok,
reviewer_fairness_v1,supervision_objective_learning_curve_v1,eviction_loss_pairwise,0.25,brightkite,cross_family_v1_brightkite,32,brightkite_50k,04c8cebb51742e7f192b6654e0e3029690a74b8ff494db771f0e132dc68d01de,0,10000,10000,50000,10000,40000,14700,25300,0.6325,149597,11034560,10724,559,42528,0.0,0.121646,0.895522,,,0,,regret,/home/soroush/Augmented-caching-kbs-second-revision/models/supervision_objective_learning_curve_v1/brightkite/fraction_0.25/eviction_loss_pairwise.pkl,4278390ad65d8c9d3f575bac0d4e2c5846c2011c8fa97c5489f2b37c5d423e56,5.2937,30.2164,ok,
reviewer_fairness_v1,supervision_objective_learning_curve_v1,eviction_loss_pairwise,0.25,brightkite,cross_family_v1_brightkite,64,brightkite_50k,04c8cebb51742e7f192b6654e0e3029690a74b8ff494db771f0e132dc68d01de,0,10000,10000,50000,10000,40000,14711,25289,0.632225,149597,11034560,10724,559,42528,0.0,0.121646,0.895522,,,0,,regret,/home/soroush/Augmented-caching-kbs-second-revision/models/supervision_objective_learning_curve_v1/brightkite/fraction_0.25/eviction_loss_pairwise.pkl,4278390ad65d8c9d3f575bac0d4e2c5846c2011c8fa97c5489f2b37c5d423e56,5.2937,117.7979,ok,
reviewer_fairness_v1,supervision_objective_learning_curve_v1,eviction_loss_pairwise,0.25,brightkite,cross_family_v1_brightkite,128,brightkite_50k,04c8cebb51742e7f192b6654e0e3029690a74b8ff494db771f0e132dc68d01de,0,10000,10000,50000,10000,40000,14741,25259,0.631475,149597,11034560,10724,559,42528,0.0,0.121646,0.895522,,,0,,regret,/home/soroush/Augmented-caching-kbs-second-revision/models/supervision_objective_learning_curve_v1/brightkite/fraction_0.25/eviction_loss_pairwise.pkl,4278390ad65d8c9d3f575bac0d4e2c5846c2011c8fa97c5489f2b37c5d423e56,5.2937,583.401,ok,
reviewer_fairness_v1,supervision_objective_learning_curve_v1,eviction_loss_scalar,0.25,citibike,cross_family_v1_citibike,32,citibike_202401_50k,1ddab59d9dd9cd32ced3bf7409a2e2432cc6453cd06a6837670babb7f5d77130,0,10000,10000,50000,10000,40000,22481,17519,0.437975,125723,9244928,0,1454,107680,0.112792,0.006878,,0.711716,0.778341,0,hist_gb,,/home/soroush/Augmented-caching-kbs-second-revision/models/supervision_objective_learning_curve_v1/citibike/fraction_0.25/eviction_loss_scalar.pkl,0db3d0271191b5d21286d7aec4d84d15c45823c58b92e906a5fa5982b46e635a,53.1567,67.6568,ok,
reviewer_fairness_v1,supervision_objective_learning_curve_v1,eviction_loss_scalar,0.25,citibike,cross_family_v1_citibike,64,citibike_202401_50k,1ddab59d9dd9cd32ced3bf7409a2e2432cc6453cd06a6837670babb7f5d77130,0,10000,10000,50000,10000,40000,23912,16088,0.4022,125723,9244928,0,1454,107680,0.112792,0.006878,,0.711716,0.778341,0,hist_gb,,/home/soroush/Augmented-caching-kbs-second-revision/models/supervision_objective_learning_curve_v1/citibike/fraction_0.25/eviction_loss_scalar.pkl,0db3d0271191b5d21286d7aec4d84d15c45823c58b92e906a5fa5982b46e635a,53.1567,167.3978,ok,
reviewer_fairness_v1,supervision_objective_learning_curve_v1,eviction_loss_scalar,0.25,citibike,cross_family_v1_citibike,128,citibike_202401_50k,1ddab59d9dd9cd32ced3bf7409a2e2432cc6453cd06a6837670babb7f5d77130,0,10000,10000,50000,10000,40000,24436,15564,0.3891,125723,9244928,0,1454,107680,0.112792,0.006878,,0.711716,0.778341,0,hist_gb,,/home/soroush/Augmented-caching-kbs-second-revision/models/supervision_objective_learning_curve_v1/citibike/fraction_0.25/eviction_loss_scalar.pkl,0db3d0271191b5d21286d7aec4d84d15c45823c58b92e906a5fa5982b46e635a,53.1567,405.7912,ok,
reviewer_fairness_v1,supervision_objective_learning_curve_v1,eviction_loss_pairwise,0.25,citibike,cross_family_v1_citibike,32,citibike_202401_50k,1ddab59d9dd9cd32ced3bf7409a2e2432cc6453cd06a6837670babb7f5d77130,0,10000,10000,50000,10000,40000,6293,33707,0.842675,125723,9244928,12767,1454,107680,0.048831,0.000688,0.384615,,,0,,regret,/home/soroush/Augmented-caching-kbs-second-revision/models/supervision_objective_learning_curve_v1/citibike/fraction_0.25/eviction_loss_pairwise.pkl,01e5ce73cebcba69abd4c042c112a7d5848ec7aacf351aef113875c1903c5b25,5.2333,40.3373,ok,
reviewer_fairness_v1,supervision_objective_learning_curve_v1,eviction_loss_pairwise,0.25,citibike,cross_family_v1_citibike,64,citibike_202401_50k,1ddab59d9dd9cd32ced3bf7409a2e2432cc6453cd06a6837670babb7f5d77130,0,10000,10000,50000,10000,40000,6726,33274,0.83185,125723,9244928,12767,1454,107680,0.048831,0.000688,0.384615,,,0,,regret,/home/soroush/Augmented-caching-kbs-second-revision/models/supervision_objective_learning_curve_v1/citibike/fraction_0.25/eviction_loss_pairwise.pkl,01e5ce73cebcba69abd4c042c112a7d5848ec7aacf351aef113875c1903c5b25,5.2333,158.8941,ok,
reviewer_fairness_v1,supervision_objective_learning_curve_v1,eviction_loss_pairwise,0.25,citibike,cross_family_v1_citibike,128,citibike_202401_50k,1ddab59d9dd9cd32ced3bf7409a2e2432cc6453cd06a6837670babb7f5d77130,0,10000,10000,50000,10000,40000,7719,32281,0.807025,125723,9244928,12767,1454,107680,0.048831,0.000688,0.384615,,,0,,regret,/home/soroush/Augmented-caching-kbs-second-revision/models/supervision_objective_learning_curve_v1/citibike/fraction_0.25/eviction_loss_pairwise.pkl,01e5ce73cebcba69abd4c042c112a7d5848ec7aacf351aef113875c1903c5b25,5.2333,797.2461,ok,
reviewer_fairness_v1,supervision_objective_learning_curve_v1,eviction_loss_scalar,0.25,cloudphysics,cross_family_v1_cloudphysics,32,cloudphysics_alibaba_block_head_50k,fedb3d31ee3c1dd847d25f967392cdf0fdec1e9c1fbb6808772e281bc8d4fb57,0,10000,10000,50000,10000,40000,262,39738,0.99345,118292,8672160,0,856,60832,0.106308,0.191589,,1.001049,1.252344,0,random_forest,,/home/soroush/Augmented-caching-kbs-second-revision/models/supervision_objective_learning_curve_v1/cloudphysics/fraction_0.25/eviction_loss_scalar.pkl,d1313578f35600090c698ce0a9e750225ca0206e95ddf7e4088d733c4dfd605a,863.0978,163.0496,ok,
reviewer_fairness_v1,supervision_objective_learning_curve_v1,eviction_loss_scalar,0.25,cloudphysics,cross_family_v1_cloudphysics,64,cloudphysics_alibaba_block_head_50k,fedb3d31ee3c1dd847d25f967392cdf0fdec1e9c1fbb6808772e281bc8d4fb57,0,10000,10000,50000,10000,40000,610,39390,0.98475,118292,8672160,0,856,60832,0.106308,0.191589,,1.001049,1.252344,0,random_forest,,/home/soroush/Augmented-caching-kbs-second-revision/models/supervision_objective_learning_curve_v1/cloudphysics/fraction_0.25/eviction_loss_scalar.pkl,d1313578f35600090c698ce0a9e750225ca0206e95ddf7e4088d733c4dfd605a,863.0978,300.6355,ok,
reviewer_fairness_v1,supervision_objective_learning_curve_v1,eviction_loss_scalar,0.25,cloudphysics,cross_family_v1_cloudphysics,128,cloudphysics_alibaba_block_head_50k,fedb3d31ee3c1dd847d25f967392cdf0fdec1e9c1fbb6808772e281bc8d4fb57,0,10000,10000,50000,10000,40000,683,39317,0.982925,118292,8672160,0,856,60832,0.106308,0.191589,,1.001049,1.252344,0,random_forest,,/home/soroush/Augmented-caching-kbs-second-revision/models/supervision_objective_learning_curve_v1/cloudphysics/fraction_0.25/eviction_loss_scalar.pkl,d1313578f35600090c698ce0a9e750225ca0206e95ddf7e4088d733c4dfd605a,863.0978,1032.7625,ok,
reviewer_fairness_v1,supervision_objective_learning_curve_v1,eviction_loss_pairwise,0.25,cloudphysics,cross_family_v1_cloudphysics,32,cloudphysics_alibaba_block_head_50k,fedb3d31ee3c1dd847d25f967392cdf0fdec1e9c1fbb6808772e281bc8d4fb57,0,10000,10000,50000,10000,40000,4,39996,0.9999,118292,8672160,11123,856,60832,0.321262,0.625,0.920792,,,0,,regret,/home/soroush/Augmented-caching-kbs-second-revision/models/supervision_objective_learning_curve_v1/cloudphysics/fraction_0.25/eviction_loss_pairwise.pkl,534e1f9186aa6944a641000ccb964ec46666723a5b2cc4a1dfdfb10a09c3faba,4.6115,45.2139,ok,
reviewer_fairness_v1,supervision_objective_learning_curve_v1,eviction_loss_pairwise,0.25,cloudphysics,cross_family_v1_cloudphysics,64,cloudphysics_alibaba_block_head_50k,fedb3d31ee3c1dd847d25f967392cdf0fdec1e9c1fbb6808772e281bc8d4fb57,0,10000,10000,50000,10000,40000,4,39996,0.9999,118292,8672160,11123,856,60832,0.321262,0.625,0.920792,,,0,,regret,/home/soroush/Augmented-caching-kbs-second-revision/models/supervision_objective_learning_curve_v1/cloudphysics/fraction_0.25/eviction_loss_pairwise.pkl,534e1f9186aa6944a641000ccb964ec46666723a5b2cc4a1dfdfb10a09c3faba,4.6115,178.1463,ok,
reviewer_fairness_v1,supervision_objective_learning_curve_v1,eviction_loss_pairwise,0.25,cloudphysics,cross_family_v1_cloudphysics,128,cloudphysics_alibaba_block_head_50k,fedb3d31ee3c1dd847d25f967392cdf0fdec1e9c1fbb6808772e281bc8d4fb57,0,10000,10000,50000,10000,40000,27,39973,0.999325,118292,8672160,11123,856,60832,0.321262,0.625,0.920792,,,0,,regret,/home/soroush/Augmented-caching-kbs-second-revision/models/supervision_objective_learning_curve_v1/cloudphysics/fraction_0.25/eviction_loss_pairwise.pkl,534e1f9186aa6944a641000ccb964ec46666723a5b2cc4a1dfdfb10a09c3faba,4.6115,896.9529,ok,
reviewer_fairness_v1,supervision_objective_learning_curve_v1,eviction_loss_scalar,0.25,metacdn,cross_family_v1_metacdn,32,metacdn_cdn_202303_head_50k,7301f02e1373cb7e06f1ed2c417a8ebe16581319354780f811c8d032391f4e73,0,10000,10000,50000,10000,40000,10911,29089,0.727225,126169,9246720,0,1139,84864,0.016681,0.006146,,0.788571,0.96968,0,hist_gb,,/home/soroush/Augmented-caching-kbs-second-revision/models/supervision_objective_learning_curve_v1/metacdn/fraction_0.25/eviction_loss_scalar.pkl,5d3480c170c3f7f8e03a7210c6cb6369357dfe1d9f8acef8dcdb12d0f9adc9e5,53.8416,113.3297,ok,
reviewer_fairness_v1,supervision_objective_learning_curve_v1,eviction_loss_scalar,0.25,metacdn,cross_family_v1_metacdn,64,metacdn_cdn_202303_head_50k,7301f02e1373cb7e06f1ed2c417a8ebe16581319354780f811c8d032391f4e73,0,10000,10000,50000,10000,40000,14714,25286,0.63215,126169,9246720,0,1139,84864,0.016681,0.006146,,0.788571,0.96968,0,hist_gb,,/home/soroush/Augmented-caching-kbs-second-revision/models/supervision_objective_learning_curve_v1/metacdn/fraction_0.25/eviction_loss_scalar.pkl,5d3480c170c3f7f8e03a7210c6cb6369357dfe1d9f8acef8dcdb12d0f9adc9e5,53.8416,249.4897,ok,
reviewer_fairness_v1,supervision_objective_learning_curve_v1,eviction_loss_scalar,0.25,metacdn,cross_family_v1_metacdn,128,metacdn_cdn_202303_head_50k,7301f02e1373cb7e06f1ed2c417a8ebe16581319354780f811c8d032391f4e73,0,10000,10000,50000,10000,40000,15920,24080,0.602,126169,9246720,0,1139,84864,0.016681,0.006146,,0.788571,0.96968,0,hist_gb,,/home/soroush/Augmented-caching-kbs-second-revision/models/supervision_objective_learning_curve_v1/metacdn/fraction_0.25/eviction_loss_scalar.pkl,5d3480c170c3f7f8e03a7210c6cb6369357dfe1d9f8acef8dcdb12d0f9adc9e5,53.8416,554.1364,ok,
reviewer_fairness_v1,supervision_objective_learning_curve_v1,eviction_loss_pairwise,0.25,metacdn,cross_family_v1_metacdn,32,metacdn_cdn_202303_head_50k,7301f02e1373cb7e06f1ed2c417a8ebe16581319354780f811c8d032391f4e73,0,10000,10000,50000,10000,40000,5626,34374,0.85935,126169,9246720,11013,1139,84864,0.012291,0.037752,0.955556,,,0,,regret,/home/soroush/Augmented-caching-kbs-second-revision/models/supervision_objective_learning_curve_v1/metacdn/fraction_0.25/eviction_loss_pairwise.pkl,62f49c97b5826cdcb233431be788923275013a1262a8bb295c76f596958581ce,4.6219,39.2626,ok,
reviewer_fairness_v1,supervision_objective_learning_curve_v1,eviction_loss_pairwise,0.25,metacdn,cross_family_v1_metacdn,64,metacdn_cdn_202303_head_50k,7301f02e1373cb7e06f1ed2c417a8ebe16581319354780f811c8d032391f4e73,0,10000,10000,50000,10000,40000,5626,34374,0.85935,126169,9246720,11013,1139,84864,0.012291,0.037752,0.955556,,,0,,regret,/home/soroush/Augmented-caching-kbs-second-revision/models/supervision_objective_learning_curve_v1/metacdn/fraction_0.25/eviction_loss_pairwise.pkl,62f49c97b5826cdcb233431be788923275013a1262a8bb295c76f596958581ce,4.6219,145.5146,ok,
reviewer_fairness_v1,supervision_objective_learning_curve_v1,eviction_loss_pairwise,0.25,metacdn,cross_family_v1_metacdn,128,metacdn_cdn_202303_head_50k,7301f02e1373cb7e06f1ed2c417a8ebe16581319354780f811c8d032391f4e73,0,10000,10000,50000,10000,40000,5630,34370,0.85925,126169,9246720,11013,1139,84864,0.012291,0.037752,0.955556,,,0,,regret,/home/soroush/Augmented-caching-kbs-second-revision/models/supervision_objective_learning_curve_v1/metacdn/fraction_0.25/eviction_loss_pairwise.pkl,62f49c97b5826cdcb233431be788923275013a1262a8bb295c76f596958581ce,4.6219,700.3622,ok,
reviewer_fairness_v1,supervision_objective_learning_curve_v1,eviction_loss_scalar,0.25,metakv,cross_family_v1_metakv,32,metakv_kvcache_202206_head_50k,4c229e841d546cd57a2edb6e3ddc53461ff4dc03d366e9d24e4239a89db7e0de,0,10000,10000,50000,10000,40000,9105,30895,0.772375,121617,8968768,0,1038,75264,0.019268,0.047206,,0.921912,1.146426,0,hist_gb,,/home/soroush/Augmented-caching-kbs-second-revision/models/supervision_objective_learning_curve_v1/metakv/fraction_0.25/eviction_loss_scalar.pkl,4e3fe93118fd5940d891285a349da1554eb828ad9a34f68116f3ec66b757187b,51.227,120.1902,ok,
reviewer_fairness_v1,supervision_objective_learning_curve_v1,eviction_loss_scalar,0.25,metakv,cross_family_v1_metakv,64,metakv_kvcache_202206_head_50k,4c229e841d546cd57a2edb6e3ddc53461ff4dc03d366e9d24e4239a89db7e0de,0,10000,10000,50000,10000,40000,9352,30648,0.7662,121617,8968768,0,1038,75264,0.019268,0.047206,,0.921912,1.146426,0,hist_gb,,/home/soroush/Augmented-caching-kbs-second-revision/models/supervision_objective_learning_curve_v1/metakv/fraction_0.25/eviction_loss_scalar.pkl,4e3fe93118fd5940d891285a349da1554eb828ad9a34f68116f3ec66b757187b,51.227,182.1669,ok,
reviewer_fairness_v1,supervision_objective_learning_curve_v1,eviction_loss_scalar,0.25,metakv,cross_family_v1_metakv,128,metakv_kvcache_202206_head_50k,4c229e841d546cd57a2edb6e3ddc53461ff4dc03d366e9d24e4239a89db7e0de,0,10000,10000,50000,10000,40000,9336,30664,0.7666,121617,8968768,0,1038,75264,0.019268,0.047206,,0.921912,1.146426,0,hist_gb,,/home/soroush/Augmented-caching-kbs-second-revision/models/supervision_objective_learning_curve_v1/metakv/fraction_0.25/eviction_loss_scalar.pkl,4e3fe93118fd5940d891285a349da1554eb828ad9a34f68116f3ec66b757187b,51.227,802.7105,ok,
reviewer_fairness_v1,supervision_objective_learning_curve_v1,eviction_loss_pairwise,0.25,metakv,cross_family_v1_metakv,32,metakv_kvcache_202206_head_50k,4c229e841d546cd57a2edb6e3ddc53461ff4dc03d366e9d24e4239a89db7e0de,0,10000,10000,50000,10000,40000,7176,32824,0.8206,121617,8968768,11550,1038,75264,0.008671,0.072254,0.693878,,,0,,regret,/home/soroush/Augmented-caching-kbs-second-revision/models/supervision_objective_learning_curve_v1/metakv/fraction_0.25/eviction_loss_pairwise.pkl,1e0ffa608bfefc8d4674c0f58de5595bddbf1468ad640a64b1d083ccdde3d104,4.386,38.7412,ok,
reviewer_fairness_v1,supervision_objective_learning_curve_v1,eviction_loss_pairwise,0.25,metakv,cross_family_v1_metakv,64,metakv_kvcache_202206_head_50k,4c229e841d546cd57a2edb6e3ddc53461ff4dc03d366e9d24e4239a89db7e0de,0,10000,10000,50000,10000,40000,7188,32812,0.8203,121617,8968768,11550,1038,75264,0.008671,0.072254,0.693878,,,0,,regret,/home/soroush/Augmented-caching-kbs-second-revision/models/supervision_objective_learning_curve_v1/metakv/fraction_0.25/eviction_loss_pairwise.pkl,1e0ffa608bfefc8d4674c0f58de5595bddbf1468ad640a64b1d083ccdde3d104,4.386,155.7749,ok,
reviewer_fairness_v1,supervision_objective_learning_curve_v1,eviction_loss_pairwise,0.25,metakv,cross_family_v1_metakv,128,metakv_kvcache_202206_head_50k,4c229e841d546cd57a2edb6e3ddc53461ff4dc03d366e9d24e4239a89db7e0de,0,10000,10000,50000,10000,40000,7212,32788,0.8197,121617,8968768,11550,1038,75264,0.008671,0.072254,0.693878,,,0,,regret,/home/soroush/Augmented-caching-kbs-second-revision/models/supervision_objective_learning_curve_v1/metakv/fraction_0.25/eviction_loss_pairwise.pkl,1e0ffa608bfefc8d4674c0f58de5595bddbf1468ad640a64b1d083ccdde3d104,4.386,788.5739,ok,
reviewer_fairness_v1,supervision_objective_learning_curve_v1,eviction_loss_scalar,0.25,twemcache,cross_family_v1_twemcache,32,twemcache_cluster26_sample100_50k,62df27062ce2595c843fd91e01d26c9783ff8f165f6b26e983696eda7ada0bb9,0,10000,10000,50000,10000,40000,8906,31094,0.77735,112639,8302080,0,1498,110752,0.32777,0.0,,0.805932,0.858208,0,random_forest,,/home/soroush/Augmented-caching-kbs-second-revision/models/supervision_objective_learning_curve_v1/twemcache/fraction_0.25/eviction_loss_scalar.pkl,0757698dbd784ea78b67fafbfa3de98330b9443852cb771bc902f89372697835,809.6625,127.492,ok,
reviewer_fairness_v1,supervision_objective_learning_curve_v1,eviction_loss_scalar,0.25,twemcache,cross_family_v1_twemcache,64,twemcache_cluster26_sample100_50k,62df27062ce2595c843fd91e01d26c9783ff8f165f6b26e983696eda7ada0bb9,0,10000,10000,50000,10000,40000,11101,28899,0.722475,112639,8302080,0,1498,110752,0.32777,0.0,,0.805932,0.858208,0,random_forest,,/home/soroush/Augmented-caching-kbs-second-revision/models/supervision_objective_learning_curve_v1/twemcache/fraction_0.25/eviction_loss_scalar.pkl,0757698dbd784ea78b67fafbfa3de98330b9443852cb771bc902f89372697835,809.6625,216.5208,ok,
reviewer_fairness_v1,supervision_objective_learning_curve_v1,eviction_loss_scalar,0.25,twemcache,cross_family_v1_twemcache,128,twemcache_cluster26_sample100_50k,62df27062ce2595c843fd91e01d26c9783ff8f165f6b26e983696eda7ada0bb9,0,10000,10000,50000,10000,40000,11208,28792,0.7198,112639,8302080,0,1498,110752,0.32777,0.0,,0.805932,0.858208,0,random_forest,,/home/soroush/Augmented-caching-kbs-second-revision/models/supervision_objective_learning_curve_v1/twemcache/fraction_0.25/eviction_loss_scalar.pkl,0757698dbd784ea78b67fafbfa3de98330b9443852cb771bc902f89372697835,809.6625,699.1897,ok,
reviewer_fairness_v1,supervision_objective_learning_curve_v1,eviction_loss_pairwise,0.25,twemcache,cross_family_v1_twemcache,32,twemcache_cluster26_sample100_50k,62df27062ce2595c843fd91e01d26c9783ff8f165f6b26e983696eda7ada0bb9,0,10000,10000,50000,10000,40000,1950,38050,0.95125,112639,8302080,12406,1498,110752,0.0,0.0,,,,0,,regret,/home/soroush/Augmented-caching-kbs-second-revision/models/supervision_objective_learning_curve_v1/twemcache/fraction_0.25/eviction_loss_pairwise.pkl,ee9f0aee69840c34bdfe9bdd310da4fee8d7d5305b32aacb086a754187b34366,4.3133,42.9952,ok,
reviewer_fairness_v1,supervision_objective_learning_curve_v1,eviction_loss_pairwise,0.25,twemcache,cross_family_v1_twemcache,64,twemcache_cluster26_sample100_50k,62df27062ce2595c843fd91e01d26c9783ff8f165f6b26e983696eda7ada0bb9,0,10000,10000,50000,10000,40000,2074,37926,0.94815,112639,8302080,12406,1498,110752,0.0,0.0,,,,0,,regret,/home/soroush/Augmented-caching-kbs-second-revision/models/supervision_objective_learning_curve_v1/twemcache/fraction_0.25/eviction_loss_pairwise.pkl,ee9f0aee69840c34bdfe9bdd310da4fee8d7d5305b32aacb086a754187b34366,4.3133,163.8627,ok,
reviewer_fairness_v1,supervision_objective_learning_curve_v1,eviction_loss_pairwise,0.25,twemcache,cross_family_v1_twemcache,128,twemcache_cluster26_sample100_50k,62df27062ce2595c843fd91e01d26c9783ff8f165f6b26e983696eda7ada0bb9,0,10000,10000,50000,10000,40000,2326,37674,0.94185,112639,8302080,12406,1498,110752,0.0,0.0,,,,0,,regret,/home/soroush/Augmented-caching-kbs-second-revision/models/supervision_objective_learning_curve_v1/twemcache/fraction_0.25/eviction_loss_pairwise.pkl,ee9f0aee69840c34bdfe9bdd310da4fee8d7d5305b32aacb086a754187b34366,4.3133,788.8252,ok,
reviewer_fairness_v1,supervision_objective_learning_curve_v1,eviction_loss_scalar,0.25,wiki2018,cross_family_v1_wiki2018,32,wiki2018_pageviews_en_50k,3813084bebfcf463ac22a685494b46aea45aded55d314411c9fbb058b5d67608,0,10000,10000,50000,10000,40000,0,40000,1.0,126118,9257856,0,499,36704,0.014028,0.034068,,1.297165,1.567873,0,hist_gb,,/home/soroush/Augmented-caching-kbs-second-revision/models/supervision_objective_learning_curve_v1/wiki2018/fraction_0.25/eviction_loss_scalar.pkl,b333e7f03f84741a16942e14c07bac4534ed6db767a36cf3a5ed4ee3796c6241,52.3492,109.6183,ok,
reviewer_fairness_v1,supervision_objective_learning_curve_v1,eviction_loss_scalar,0.25,wiki2018,cross_family_v1_wiki2018,64,wiki2018_pageviews_en_50k,3813084bebfcf463ac22a685494b46aea45aded55d314411c9fbb058b5d67608,0,10000,10000,50000,10000,40000,0,40000,1.0,126118,9257856,0,499,36704,0.014028,0.034068,,1.297165,1.567873,0,hist_gb,,/home/soroush/Augmented-caching-kbs-second-revision/models/supervision_objective_learning_curve_v1/wiki2018/fraction_0.25/eviction_loss_scalar.pkl,b333e7f03f84741a16942e14c07bac4534ed6db767a36cf3a5ed4ee3796c6241,52.3492,226.3388,ok,
reviewer_fairness_v1,supervision_objective_learning_curve_v1,eviction_loss_scalar,0.25,wiki2018,cross_family_v1_wiki2018,128,wiki2018_pageviews_en_50k,3813084bebfcf463ac22a685494b46aea45aded55d314411c9fbb058b5d67608,0,10000,10000,50000,10000,40000,0,40000,1.0,126118,9257856,0,499,36704,0.014028,0.034068,,1.297165,1.567873,0,hist_gb,,/home/soroush/Augmented-caching-kbs-second-revision/models/supervision_objective_learning_curve_v1/wiki2018/fraction_0.25/eviction_loss_scalar.pkl,b333e7f03f84741a16942e14c07bac4534ed6db767a36cf3a5ed4ee3796c6241,52.3492,902.199,ok,
reviewer_fairness_v1,supervision_objective_learning_curve_v1,eviction_loss_pairwise,0.25,wiki2018,cross_family_v1_wiki2018,32,wiki2018_pageviews_en_50k,3813084bebfcf463ac22a685494b46aea45aded55d314411c9fbb058b5d67608,0,10000,10000,50000,10000,40000,0,40000,1.0,126118,9257856,13932,499,36704,0.02004,0.248497,0.741176,,,0,,regret,/home/soroush/Augmented-caching-kbs-second-revision/models/supervision_objective_learning_curve_v1/wiki2018/fraction_0.25/eviction_loss_pairwise.pkl,5f5ef1640f1d91783738684f91852917adf82b800c11f316bb832a14b6d84a97,5.1919,45.0513,ok,
reviewer_fairness_v1,supervision_objective_learning_curve_v1,eviction_loss_pairwise,0.25,wiki2018,cross_family_v1_wiki2018,64,wiki2018_pageviews_en_50k,3813084bebfcf463ac22a685494b46aea45aded55d314411c9fbb058b5d67608,0,10000,10000,50000,10000,40000,0,40000,1.0,126118,9257856,13932,499,36704,0.02004,0.248497,0.741176,,,0,,regret,/home/soroush/Augmented-caching-kbs-second-revision/models/supervision_objective_learning_curve_v1/wiki2018/fraction_0.25/eviction_loss_pairwise.pkl,5f5ef1640f1d91783738684f91852917adf82b800c11f316bb832a14b6d84a97,5.1919,168.2502,ok,
reviewer_fairness_v1,supervision_objective_learning_curve_v1,eviction_loss_pairwise,0.25,wiki2018,cross_family_v1_wiki2018,128,wiki2018_pageviews_en_50k,3813084bebfcf463ac22a685494b46aea45aded55d314411c9fbb058b5d67608,0,10000,10000,50000,10000,40000,0,40000,1.0,126118,9257856,13932,499,36704,0.02004,0.248497,0.741176,,,0,,regret,/home/soroush/Augmented-caching-kbs-second-revision/models/supervision_objective_learning_curve_v1/wiki2018/fraction_0.25/eviction_loss_pairwise.pkl,5f5ef1640f1d91783738684f91852917adf82b800c11f316bb832a14b6d84a97,5.1919,820.3702,ok,
reviewer_fairness_v1,supervision_objective_learning_curve_v1,eviction_loss_scalar,0.5,brightkite,cross_family_v1_brightkite,32,brightkite_50k,04c8cebb51742e7f192b6654e0e3029690a74b8ff494db771f0e132dc68d01de,0,10000,10000,50000,10000,40000,23534,16466,0.41165,299194,22082464,0,559,42528,0.005367,0.014311,,1.429119,1.752622,0,ridge,,/home/soroush/Augmented-caching-kbs-second-revision/models/supervision_objective_learning_curve_v1/brightkite/fraction_0.5/eviction_loss_scalar.pkl,d41d4f92d8145ce5ecd6b0447894ac1e13db05a6421c150abc1d0aeb52bd2555,67.3687,20.0657,ok,
reviewer_fairness_v1,supervision_objective_learning_curve_v1,eviction_loss_scalar,0.5,brightkite,cross_family_v1_brightkite,64,brightkite_50k,04c8cebb51742e7f192b6654e0e3029690a74b8ff494db771f0e132dc68d01de,0,10000,10000,50000,10000,40000,23973,16027,0.400675,299194,22082464,0,559,42528,0.005367,0.014311,,1.429119,1.752622,0,ridge,,/home/soroush/Augmented-caching-kbs-second-revision/models/supervision_objective_learning_curve_v1/brightkite/fraction_0.5/eviction_loss_scalar.pkl,d41d4f92d8145ce5ecd6b0447894ac1e13db05a6421c150abc1d0aeb52bd2555,67.3687,74.6032,ok,
reviewer_fairness_v1,supervision_objective_learning_curve_v1,eviction_loss_scalar,0.5,brightkite,cross_family_v1_brightkite,128,brightkite_50k,04c8cebb51742e7f192b6654e0e3029690a74b8ff494db771f0e132dc68d01de,0,10000,10000,50000,10000,40000,24053,15947,0.398675,299194,22082464,0,559,42528,0.005367,0.014311,,1.429119,1.752622,0,ridge,,/home/soroush/Augmented-caching-kbs-second-revision/models/supervision_objective_learning_curve_v1/brightkite/fraction_0.5/eviction_loss_scalar.pkl,d41d4f92d8145ce5ecd6b0447894ac1e13db05a6421c150abc1d0aeb52bd2555,67.3687,365.0229,ok,
reviewer_fairness_v1,supervision_objective_learning_curve_v1,eviction_loss_pairwise,0.5,brightkite,cross_family_v1_brightkite,32,brightkite_50k,04c8cebb51742e7f192b6654e0e3029690a74b8ff494db771f0e132dc68d01de,0,10000,10000,50000,10000,40000,14700,25300,0.6325,299194,22082464,21474,559,42528,0.0,0.118068,0.895522,,,0,,regret,/home/soroush/Augmented-caching-kbs-second-revision/models/supervision_objective_learning_curve_v1/brightkite/fraction_0.5/eviction_loss_pairwise.pkl,797fb5da8bb1fb3b7ed4103238da1449d4aeb6470b964f7bfe114ec01f83f849,10.7114,30.577,ok,
reviewer_fairness_v1,supervision_objective_learning_curve_v1,eviction_loss_pairwise,0.5,brightkite,cross_family_v1_brightkite,64,brightkite_50k,04c8cebb51742e7f192b6654e0e3029690a74b8ff494db771f0e132dc68d01de,0,10000,10000,50000,10000,40000,14711,25289,0.632225,299194,22082464,21474,559,42528,0.0,0.118068,0.895522,,,0,,regret,/home/soroush/Augmented-caching-kbs-second-revision/models/supervision_objective_learning_curve_v1/brightkite/fraction_0.5/eviction_loss_pairwise.pkl,797fb5da8bb1fb3b7ed4103238da1449d4aeb6470b964f7bfe114ec01f83f849,10.7114,118.167,ok,
reviewer_fairness_v1,supervision_objective_learning_curve_v1,eviction_loss_pairwise,0.5,brightkite,cross_family_v1_brightkite,128,brightkite_50k,04c8cebb51742e7f192b6654e0e3029690a74b8ff494db771f0e132dc68d01de,0,10000,10000,50000,10000,40000,14741,25259,0.631475,299194,22082464,21474,559,42528,0.0,0.118068,0.895522,,,0,,regret,/home/soroush/Augmented-caching-kbs-second-revision/models/supervision_objective_learning_curve_v1/brightkite/fraction_0.5/eviction_loss_pairwise.pkl,797fb5da8bb1fb3b7ed4103238da1449d4aeb6470b964f7bfe114ec01f83f849,10.7114,586.1147,ok,
reviewer_fairness_v1,supervision_objective_learning_curve_v1,eviction_loss_scalar,0.5,citibike,cross_family_v1_citibike,32,citibike_202401_50k,1ddab59d9dd9cd32ced3bf7409a2e2432cc6453cd06a6837670babb7f5d77130,0,10000,10000,50000,10000,40000,22461,17539,0.438475,251446,18505056,0,1454,107680,0.114168,0.008941,,0.712535,0.779252,0,hist_gb,,/home/soroush/Augmented-caching-kbs-second-revision/models/supervision_objective_learning_curve_v1/citibike/fraction_0.5/eviction_loss_scalar.pkl,eeaadc050dc6ed64528c81f07203ca8321118ef6bde489349013edfd5e8b5c9d,103.906,37.0704,ok,
reviewer_fairness_v1,supervision_objective_learning_curve_v1,eviction_loss_scalar,0.5,citibike,cross_family_v1_citibike,64,citibike_202401_50k,1ddab59d9dd9cd32ced3bf7409a2e2432cc6453cd06a6837670babb7f5d77130,0,10000,10000,50000,10000,40000,23884,16116,0.4029,251446,18505056,0,1454,107680,0.114168,0.008941,,0.712535,0.779252,0,hist_gb,,/home/soroush/Augmented-caching-kbs-second-revision/models/supervision_objective_learning_curve_v1/citibike/fraction_0.5/eviction_loss_scalar.pkl,eeaadc050dc6ed64528c81f07203ca8321118ef6bde489349013edfd5e8b5c9d,103.906,143.9617,ok,
reviewer_fairness_v1,supervision_objective_learning_curve_v1,eviction_loss_scalar,0.5,citibike,cross_family_v1_citibike,128,citibike_202401_50k,1ddab59d9dd9cd32ced3bf7409a2e2432cc6453cd06a6837670babb7f5d77130,0,10000,10000,50000,10000,40000,24414,15586,0.38965,251446,18505056,0,1454,107680,0.114168,0.008941,,0.712535,0.779252,0,hist_gb,,/home/soroush/Augmented-caching-kbs-second-revision/models/supervision_objective_learning_curve_v1/citibike/fraction_0.5/eviction_loss_scalar.pkl,eeaadc050dc6ed64528c81f07203ca8321118ef6bde489349013edfd5e8b5c9d,103.906,410.2064,ok,
reviewer_fairness_v1,supervision_objective_learning_curve_v1,eviction_loss_pairwise,0.5,citibike,cross_family_v1_citibike,32,citibike_202401_50k,1ddab59d9dd9cd32ced3bf7409a2e2432cc6453cd06a6837670babb7f5d77130,0,10000,10000,50000,10000,40000,6286,33714,0.84285,251446,18505056,25602,1454,107680,0.048831,0.001376,0.346154,,,0,,regret,/home/soroush/Augmented-caching-kbs-second-revision/models/supervision_objective_learning_curve_v1/citibike/fraction_0.5/eviction_loss_pairwise.pkl,670e20ebfd5ee10d03aaa69a222e0c9b96ec4bcb1dc88c05744dc0476f81c13f,9.6177,40.8893,ok,
reviewer_fairness_v1,supervision_objective_learning_curve_v1,eviction_loss_pairwise,0.5,citibike,cross_family_v1_citibike,64,citibike_202401_50k,1ddab59d9dd9cd32ced3bf7409a2e2432cc6453cd06a6837670babb7f5d77130,0,10000,10000,50000,10000,40000,6738,33262,0.83155,251446,18505056,25602,1454,107680,0.048831,0.001376,0.346154,,,0,,regret,/home/soroush/Augmented-caching-kbs-second-revision/models/supervision_objective_learning_curve_v1/citibike/fraction_0.5/eviction_loss_pairwise.pkl,670e20ebfd5ee10d03aaa69a222e0c9b96ec4bcb1dc88c05744dc0476f81c13f,9.6177,158.9559,ok,
reviewer_fairness_v1,supervision_objective_learning_curve_v1,eviction_loss_pairwise,0.5,citibike,cross_family_v1_citibike,128,citibike_202401_50k,1ddab59d9dd9cd32ced3bf7409a2e2432cc6453cd06a6837670babb7f5d77130,0,10000,10000,50000,10000,40000,7517,32483,0.812075,251446,18505056,25602,1454,107680,0.048831,0.001376,0.346154,,,0,,regret,/home/soroush/Augmented-caching-kbs-second-revision/models/supervision_objective_learning_curve_v1/citibike/fraction_0.5/eviction_loss_pairwise.pkl,670e20ebfd5ee10d03aaa69a222e0c9b96ec4bcb1dc88c05744dc0476f81c13f,9.6177,816.4733,ok,
reviewer_fairness_v1,supervision_objective_learning_curve_v1,eviction_loss_scalar,0.5,cloudphysics,cross_family_v1_cloudphysics,32,cloudphysics_alibaba_block_head_50k,fedb3d31ee3c1dd847d25f967392cdf0fdec1e9c1fbb6808772e281bc8d4fb57,0,10000,10000,50000,10000,40000,253,39747,0.993675,236584,17361568,0,856,60832,0.094626,0.163551,,0.999873,1.251092,0,random_forest,,/home/soroush/Augmented-caching-kbs-second-revision/models/supervision_objective_learning_curve_v1/cloudphysics/fraction_0.5/eviction_loss_scalar.pkl,96078c0993b20480bd5edc329f2e741f9aec0fef1fa126d9756a68b0166a3589,2183.6746,161.45,ok,
reviewer_fairness_v1,supervision_objective_learning_curve_v1,eviction_loss_scalar,0.5,cloudphysics,cross_family_v1_cloudphysics,64,cloudphysics_alibaba_block_head_50k,fedb3d31ee3c1dd847d25f967392cdf0fdec1e9c1fbb6808772e281bc8d4fb57,0,10000,10000,50000,10000,40000,600,39400,0.985,236584,17361568,0,856,60832,0.094626,0.163551,,0.999873,1.251092,0,random_forest,,/home/soroush/Augmented-caching-kbs-second-revision/models/supervision_objective_learning_curve_v1/cloudphysics/fraction_0.5/eviction_loss_scalar.pkl,96078c0993b20480bd5edc329f2e741f9aec0fef1fa126d9756a68b0166a3589,2183.6746,299.7573,ok,
reviewer_fairness_v1,supervision_objective_learning_curve_v1,eviction_loss_scalar,0.5,cloudphysics,cross_family_v1_cloudphysics,128,cloudphysics_alibaba_block_head_50k,fedb3d31ee3c1dd847d25f967392cdf0fdec1e9c1fbb6808772e281bc8d4fb57,0,10000,10000,50000,10000,40000,685,39315,0.982875,236584,17361568,0,856,60832,0.094626,0.163551,,0.999873,1.251092,0,random_forest,,/home/soroush/Augmented-caching-kbs-second-revision/models/supervision_objective_learning_curve_v1/cloudphysics/fraction_0.5/eviction_loss_scalar.pkl,96078c0993b20480bd5edc329f2e741f9aec0fef1fa126d9756a68b0166a3589,2183.6746,1023.0542,ok,
reviewer_fairness_v1,supervision_objective_learning_curve_v1,eviction_loss_pairwise,0.5,cloudphysics,cross_family_v1_cloudphysics,32,cloudphysics_alibaba_block_head_50k,fedb3d31ee3c1dd847d25f967392cdf0fdec1e9c1fbb6808772e281bc8d4fb57,0,10000,10000,50000,10000,40000,4,39996,0.9999,236584,17361568,22238,856,60832,0.32243,0.625,0.920792,,,0,,regret,/home/soroush/Augmented-caching-kbs-second-revision/models/supervision_objective_learning_curve_v1/cloudphysics/fraction_0.5/eviction_loss_pairwise.pkl,9fad4d14fc63b22a40fc1247e7160cbbef93d22c652bc95b8b88c2634ef9a109,9.313,45.4322,ok,
reviewer_fairness_v1,supervision_objective_learning_curve_v1,eviction_loss_pairwise,0.5,cloudphysics,cross_family_v1_cloudphysics,64,cloudphysics_alibaba_block_head_50k,fedb3d31ee3c1dd847d25f967392cdf0fdec1e9c1fbb6808772e281bc8d4fb57,0,10000,10000,50000,10000,40000,4,39996,0.9999,236584,17361568,22238,856,60832,0.32243,0.625,0.920792,,,0,,regret,/home/soroush/Augmented-caching-kbs-second-revision/models/supervision_objective_learning_curve_v1/cloudphysics/fraction_0.5/eviction_loss_pairwise.pkl,9fad4d14fc63b22a40fc1247e7160cbbef93d22c652bc95b8b88c2634ef9a109,9.313,178.1703,ok,
reviewer_fairness_v1,supervision_objective_learning_curve_v1,eviction_loss_pairwise,0.5,cloudphysics,cross_family_v1_cloudphysics,128,cloudphysics_alibaba_block_head_50k,fedb3d31ee3c1dd847d25f967392cdf0fdec1e9c1fbb6808772e281bc8d4fb57,0,10000,10000,50000,10000,40000,27,39973,0.999325,236584,17361568,22238,856,60832,0.32243,0.625,0.920792,,,0,,regret,/home/soroush/Augmented-caching-kbs-second-revision/models/supervision_objective_learning_curve_v1/cloudphysics/fraction_0.5/eviction_loss_pairwise.pkl,9fad4d14fc63b22a40fc1247e7160cbbef93d22c652bc95b8b88c2634ef9a109,9.313,890.1102,ok,
reviewer_fairness_v1,supervision_objective_learning_curve_v1,eviction_loss_scalar,0.5,metacdn,cross_family_v1_metacdn,32,metacdn_cdn_202303_head_50k,7301f02e1373cb7e06f1ed2c417a8ebe16581319354780f811c8d032391f4e73,0,10000,10000,50000,10000,40000,10581,29419,0.735475,252337,18497824,0,1139,84864,0.017559,0.006146,,0.789142,0.970062,0,hist_gb,,/home/soroush/Augmented-caching-kbs-second-revision/models/supervision_objective_learning_curve_v1/metacdn/fraction_0.5/eviction_loss_scalar.pkl,21bf6590163e9f6e44bf788358da77612823ddf9593c9932d2f2e93212aed1e0,106.3751,62.8758,ok,
reviewer_fairness_v1,supervision_objective_learning_curve_v1,eviction_loss_scalar,0.5,metacdn,cross_family_v1_metacdn,64,metacdn_cdn_202303_head_50k,7301f02e1373cb7e06f1ed2c417a8ebe16581319354780f811c8d032391f4e73,0,10000,10000,50000,10000,40000,15239,24761,0.619025,252337,18497824,0,1139,84864,0.017559,0.006146,,0.789142,0.970062,0,hist_gb,,/home/soroush/Augmented-caching-kbs-second-revision/models/supervision_objective_learning_curve_v1/metacdn/fraction_0.5/eviction_loss_scalar.pkl,21bf6590163e9f6e44bf788358da77612823ddf9593c9932d2f2e93212aed1e0,106.3751,137.5873,ok,
reviewer_fairness_v1,supervision_objective_learning_curve_v1,eviction_loss_scalar,0.5,metacdn,cross_family_v1_metacdn,128,metacdn_cdn_202303_head_50k,7301f02e1373cb7e06f1ed2c417a8ebe16581319354780f811c8d032391f4e73,0,10000,10000,50000,10000,40000,16269,23731,0.593275,252337,18497824,0,1139,84864,0.017559,0.006146,,0.789142,0.970062,0,hist_gb,,/home/soroush/Augmented-caching-kbs-second-revision/models/supervision_objective_learning_curve_v1/metacdn/fraction_0.5/eviction_loss_scalar.pkl,21bf6590163e9f6e44bf788358da77612823ddf9593c9932d2f2e93212aed1e0,106.3751,544.4594,ok,
reviewer_fairness_v1,supervision_objective_learning_curve_v1,eviction_loss_pairwise,0.5,metacdn,cross_family_v1_metacdn,32,metacdn_cdn_202303_head_50k,7301f02e1373cb7e06f1ed2c417a8ebe16581319354780f811c8d032391f4e73,0,10000,10000,50000,10000,40000,5626,34374,0.85935,252337,18497824,22014,1139,84864,0.012291,0.037752,0.955556,,,0,,regret,/home/soroush/Augmented-caching-kbs-second-revision/models/supervision_objective_learning_curve_v1/metacdn/fraction_0.5/eviction_loss_pairwise.pkl,010cdb4c752b29fd889e8dfa506334e56786d8eb97b778346dc9a4cf0199209e,9.253,38.7394,ok,
reviewer_fairness_v1,supervision_objective_learning_curve_v1,eviction_loss_pairwise,0.5,metacdn,cross_family_v1_metacdn,64,metacdn_cdn_202303_head_50k,7301f02e1373cb7e06f1ed2c417a8ebe16581319354780f811c8d032391f4e73,0,10000,10000,50000,10000,40000,5626,34374,0.85935,252337,18497824,22014,1139,84864,0.012291,0.037752,0.955556,,,0,,regret,/home/soroush/Augmented-caching-kbs-second-revision/models/supervision_objective_learning_curve_v1/metacdn/fraction_0.5/eviction_loss_pairwise.pkl,010cdb4c752b29fd889e8dfa506334e56786d8eb97b778346dc9a4cf0199209e,9.253,146.4421,ok,
reviewer_fairness_v1,supervision_objective_learning_curve_v1,eviction_loss_pairwise,0.5,metacdn,cross_family_v1_metacdn,128,metacdn_cdn_202303_head_50k,7301f02e1373cb7e06f1ed2c417a8ebe16581319354780f811c8d032391f4e73,0,10000,10000,50000,10000,40000,5630,34370,0.85925,252337,18497824,22014,1139,84864,0.012291,0.037752,0.955556,,,0,,regret,/home/soroush/Augmented-caching-kbs-second-revision/models/supervision_objective_learning_curve_v1/metacdn/fraction_0.5/eviction_loss_pairwise.pkl,010cdb4c752b29fd889e8dfa506334e56786d8eb97b778346dc9a4cf0199209e,9.253,699.4674,ok,
reviewer_fairness_v1,supervision_objective_learning_curve_v1,eviction_loss_scalar,0.5,metakv,cross_family_v1_metakv,32,metakv_kvcache_202206_head_50k,4c229e841d546cd57a2edb6e3ddc53461ff4dc03d366e9d24e4239a89db7e0de,0,10000,10000,50000,10000,40000,9105,30895,0.772375,243233,17938080,0,1038,75264,0.017341,0.050096,,0.922681,1.147102,0,hist_gb,,/home/soroush/Augmented-caching-kbs-second-revision/models/supervision_objective_learning_curve_v1/metakv/fraction_0.5/eviction_loss_scalar.pkl,d8663a54709f22f62adf245efe4cfad9abff1e326376c3b3fbee199baec0a796,100.0209,121.1169,ok,
reviewer_fairness_v1,supervision_objective_learning_curve_v1,eviction_loss_scalar,0.5,metakv,cross_family_v1_metakv,64,metakv_kvcache_202206_head_50k,4c229e841d546cd57a2edb6e3ddc53461ff4dc03d366e9d24e4239a89db7e0de,0,10000,10000,50000,10000,40000,9299,30701,0.767525,243233,17938080,0,1038,75264,0.017341,0.050096,,0.922681,1.147102,0,hist_gb,,/home/soroush/Augmented-caching-kbs-second-revision/models/supervision_objective_learning_curve_v1/metakv/fraction_0.5/eviction_loss_scalar.pkl,d8663a54709f22f62adf245efe4cfad9abff1e326376c3b3fbee199baec0a796,100.0209,221.1197,ok,
reviewer_fairness_v1,supervision_objective_learning_curve_v1,eviction_loss_scalar,0.5,metakv,cross_family_v1_metakv,128,metakv_kvcache_202206_head_50k,4c229e841d546cd57a2edb6e3ddc53461ff4dc03d366e9d24e4239a89db7e0de,0,10000,10000,50000,10000,40000,9352,30648,0.7662,243233,17938080,0,1038,75264,0.017341,0.050096,,0.922681,1.147102,0,hist_gb,,/home/soroush/Augmented-caching-kbs-second-revision/models/supervision_objective_learning_curve_v1/metakv/fraction_0.5/eviction_loss_scalar.pkl,d8663a54709f22f62adf245efe4cfad9abff1e326376c3b3fbee199baec0a796,100.0209,808.3319,ok,
reviewer_fairness_v1,supervision_objective_learning_curve_v1,eviction_loss_pairwise,0.5,metakv,cross_family_v1_metakv,32,metakv_kvcache_202206_head_50k,4c229e841d546cd57a2edb6e3ddc53461ff4dc03d366e9d24e4239a89db7e0de,0,10000,10000,50000,10000,40000,7176,32824,0.8206,243233,17938080,23004,1038,75264,0.008671,0.072254,0.687075,,,0,,regret,/home/soroush/Augmented-caching-kbs-second-revision/models/supervision_objective_learning_curve_v1/metakv/fraction_0.5/eviction_loss_pairwise.pkl,908289499b56d91483daf4b43abedc5befbface39d479d6d25ca63df9eb4ac3c,8.8564,39.4084,ok,
reviewer_fairness_v1,supervision_objective_learning_curve_v1,eviction_loss_pairwise,0.5,metakv,cross_family_v1_metakv,64,metakv_kvcache_202206_head_50k,4c229e841d546cd57a2edb6e3ddc53461ff4dc03d366e9d24e4239a89db7e0de,0,10000,10000,50000,10000,40000,7188,32812,0.8203,243233,17938080,23004,1038,75264,0.008671,0.072254,0.687075,,,0,,regret,/home/soroush/Augmented-caching-kbs-second-revision/models/supervision_objective_learning_curve_v1/metakv/fraction_0.5/eviction_loss_pairwise.pkl,908289499b56d91483daf4b43abedc5befbface39d479d6d25ca63df9eb4ac3c,8.8564,157.2318,ok,
reviewer_fairness_v1,supervision_objective_learning_curve_v1,eviction_loss_pairwise,0.5,metakv,cross_family_v1_metakv,128,metakv_kvcache_202206_head_50k,4c229e841d546cd57a2edb6e3ddc53461ff4dc03d366e9d24e4239a89db7e0de,0,10000,10000,50000,10000,40000,7212,32788,0.8197,243233,17938080,23004,1038,75264,0.008671,0.072254,0.687075,,,0,,regret,/home/soroush/Augmented-caching-kbs-second-revision/models/supervision_objective_learning_curve_v1/metakv/fraction_0.5/eviction_loss_pairwise.pkl,908289499b56d91483daf4b43abedc5befbface39d479d6d25ca63df9eb4ac3c,8.8564,798.4463,ok,
reviewer_fairness_v1,supervision_objective_learning_curve_v1,eviction_loss_scalar,0.5,twemcache,cross_family_v1_twemcache,32,twemcache_cluster26_sample100_50k,62df27062ce2595c843fd91e01d26c9783ff8f165f6b26e983696eda7ada0bb9,0,10000,10000,50000,10000,40000,8884,31116,0.7779,225277,16592320,0,1498,110752,0.32777,0.0,,0.805762,0.858493,0,random_forest,,/home/soroush/Augmented-caching-kbs-second-revision/models/supervision_objective_learning_curve_v1/twemcache/fraction_0.5/eviction_loss_scalar.pkl,2ad79298f673bba0ec232572098ab49e54b90718205bd85a8ebc02e83186ca5e,2083.4931,125.9256,ok,
reviewer_fairness_v1,supervision_objective_learning_curve_v1,eviction_loss_scalar,0.5,twemcache,cross_family_v1_twemcache,64,twemcache_cluster26_sample100_50k,62df27062ce2595c843fd91e01d26c9783ff8f165f6b26e983696eda7ada0bb9,0,10000,10000,50000,10000,40000,11020,28980,0.7245,225277,16592320,0,1498,110752,0.32777,0.0,,0.805762,0.858493,0,random_forest,,/home/soroush/Augmented-caching-kbs-second-revision/models/supervision_objective_learning_curve_v1/twemcache/fraction_0.5/eviction_loss_scalar.pkl,2ad79298f673bba0ec232572098ab49e54b90718205bd85a8ebc02e83186ca5e,2083.4931,215.7693,ok,
reviewer_fairness_v1,supervision_objective_learning_curve_v1,eviction_loss_scalar,0.5,twemcache,cross_family_v1_twemcache,128,twemcache_cluster26_sample100_50k,62df27062ce2595c843fd91e01d26c9783ff8f165f6b26e983696eda7ada0bb9,0,10000,10000,50000,10000,40000,11217,28783,0.719575,225277,16592320,0,1498,110752,0.32777,0.0,,0.805762,0.858493,0,random_forest,,/home/soroush/Augmented-caching-kbs-second-revision/models/supervision_objective_learning_curve_v1/twemcache/fraction_0.5/eviction_loss_scalar.pkl,2ad79298f673bba0ec232572098ab49e54b90718205bd85a8ebc02e83186ca5e,2083.4931,700.1168,ok,
reviewer_fairness_v1,supervision_objective_learning_curve_v1,eviction_loss_pairwise,0.5,twemcache,cross_family_v1_twemcache,32,twemcache_cluster26_sample100_50k,62df27062ce2595c843fd91e01d26c9783ff8f165f6b26e983696eda7ada0bb9,0,10000,10000,50000,10000,40000,1950,38050,0.95125,225277,16592320,24606,1498,110752,0.0,0.0,,,,0,,regret,/home/soroush/Augmented-caching-kbs-second-revision/models/supervision_objective_learning_curve_v1/twemcache/fraction_0.5/eviction_loss_pairwise.pkl,b40cb32e02f66ed23bb6da7680a5fc2bcaa91097b62f1c3c0fcab5c2463abd26,8.8072,43.5407,ok,
reviewer_fairness_v1,supervision_objective_learning_curve_v1,eviction_loss_pairwise,0.5,twemcache,cross_family_v1_twemcache,64,twemcache_cluster26_sample100_50k,62df27062ce2595c843fd91e01d26c9783ff8f165f6b26e983696eda7ada0bb9,0,10000,10000,50000,10000,40000,2074,37926,0.94815,225277,16592320,24606,1498,110752,0.0,0.0,,,,0,,regret,/home/soroush/Augmented-caching-kbs-second-revision/models/supervision_objective_learning_curve_v1/twemcache/fraction_0.5/eviction_loss_pairwise.pkl,b40cb32e02f66ed23bb6da7680a5fc2bcaa91097b62f1c3c0fcab5c2463abd26,8.8072,165.1981,ok,
reviewer_fairness_v1,supervision_objective_learning_curve_v1,eviction_loss_pairwise,0.5,twemcache,cross_family_v1_twemcache,128,twemcache_cluster26_sample100_50k,62df27062ce2595c843fd91e01d26c9783ff8f165f6b26e983696eda7ada0bb9,0,10000,10000,50000,10000,40000,2327,37673,0.941825,225277,16592320,24606,1498,110752,0.0,0.0,,,,0,,regret,/home/soroush/Augmented-caching-kbs-second-revision/models/supervision_objective_learning_curve_v1/twemcache/fraction_0.5/eviction_loss_pairwise.pkl,b40cb32e02f66ed23bb6da7680a5fc2bcaa91097b62f1c3c0fcab5c2463abd26,8.8072,788.2432,ok,
reviewer_fairness_v1,supervision_objective_learning_curve_v1,eviction_loss_scalar,0.5,wiki2018,cross_family_v1_wiki2018,32,wiki2018_pageviews_en_50k,3813084bebfcf463ac22a685494b46aea45aded55d314411c9fbb058b5d67608,0,10000,10000,50000,10000,40000,0,40000,1.0,252235,18509760,0,499,36704,0.014028,0.04008,,1.296815,1.567345,0,hist_gb,,/home/soroush/Augmented-caching-kbs-second-revision/models/supervision_objective_learning_curve_v1/wiki2018/fraction_0.5/eviction_loss_scalar.pkl,b3f41f8bb5ffb93dd08144078c07a99e618ad6c53554ebf0ae3e5f86931cf4c3,111.0259,84.0181,ok,
reviewer_fairness_v1,supervision_objective_learning_curve_v1,eviction_loss_scalar,0.5,wiki2018,cross_family_v1_wiki2018,64,wiki2018_pageviews_en_50k,3813084bebfcf463ac22a685494b46aea45aded55d314411c9fbb058b5d67608,0,10000,10000,50000,10000,40000,0,40000,1.0,252235,18509760,0,499,36704,0.014028,0.04008,,1.296815,1.567345,0,hist_gb,,/home/soroush/Augmented-caching-kbs-second-revision/models/supervision_objective_learning_curve_v1/wiki2018/fraction_0.5/eviction_loss_scalar.pkl,b3f41f8bb5ffb93dd08144078c07a99e618ad6c53554ebf0ae3e5f86931cf4c3,111.0259,291.7462,ok,
reviewer_fairness_v1,supervision_objective_learning_curve_v1,eviction_loss_scalar,0.5,wiki2018,cross_family_v1_wiki2018,128,wiki2018_pageviews_en_50k,3813084bebfcf463ac22a685494b46aea45aded55d314411c9fbb058b5d67608,0,10000,10000,50000,10000,40000,0,40000,1.0,252235,18509760,0,499,36704,0.014028,0.04008,,1.296815,1.567345,0,hist_gb,,/home/soroush/Augmented-caching-kbs-second-revision/models/supervision_objective_learning_curve_v1/wiki2018/fraction_0.5/eviction_loss_scalar.pkl,b3f41f8bb5ffb93dd08144078c07a99e618ad6c53554ebf0ae3e5f86931cf4c3,111.0259,915.0946,ok,
reviewer_fairness_v1,supervision_objective_learning_curve_v1,eviction_loss_pairwise,0.5,wiki2018,cross_family_v1_wiki2018,32,wiki2018_pageviews_en_50k,3813084bebfcf463ac22a685494b46aea45aded55d314411c9fbb058b5d67608,0,10000,10000,50000,10000,40000,0,40000,1.0,252235,18509760,27849,499,36704,0.02004,0.254509,0.741176,,,0,,regret,/home/soroush/Augmented-caching-kbs-second-revision/models/supervision_objective_learning_curve_v1/wiki2018/fraction_0.5/eviction_loss_pairwise.pkl,e41ce468b7cafa4f3f2fecc6ebe76533a1686a7b7732ad5b28b328c7e54ae8aa,9.9402,44.2281,ok,
reviewer_fairness_v1,supervision_objective_learning_curve_v1,eviction_loss_pairwise,0.5,wiki2018,cross_family_v1_wiki2018,64,wiki2018_pageviews_en_50k,3813084bebfcf463ac22a685494b46aea45aded55d314411c9fbb058b5d67608,0,10000,10000,50000,10000,40000,0,40000,1.0,252235,18509760,27849,499,36704,0.02004,0.254509,0.741176,,,0,,regret,/home/soroush/Augmented-caching-kbs-second-revision/models/supervision_objective_learning_curve_v1/wiki2018/fraction_0.5/eviction_loss_pairwise.pkl,e41ce468b7cafa4f3f2fecc6ebe76533a1686a7b7732ad5b28b328c7e54ae8aa,9.9402,171.3574,ok,
reviewer_fairness_v1,supervision_objective_learning_curve_v1,eviction_loss_pairwise,0.5,wiki2018,cross_family_v1_wiki2018,128,wiki2018_pageviews_en_50k,3813084bebfcf463ac22a685494b46aea45aded55d314411c9fbb058b5d67608,0,10000,10000,50000,10000,40000,0,40000,1.0,252235,18509760,27849,499,36704,0.02004,0.254509,0.741176,,,0,,regret,/home/soroush/Augmented-caching-kbs-second-revision/models/supervision_objective_learning_curve_v1/wiki2018/fraction_0.5/eviction_loss_pairwise.pkl,e41ce468b7cafa4f3f2fecc6ebe76533a1686a7b7732ad5b28b328c7e54ae8aa,9.9402,828.9584,ok,
