family,capacity,tie_policy,seed,misses,miss_ratio,delta_vs_LRU,delta_vs_current_exact,trace_sha256,fraction_tied_decisions,fraction_all_tied,mean_optimal_set_fraction
brightkite,32,LRU_REFERENCE,,14426,0.36065,0,-4727,04c8cebb51742e7f192b6654e0e3029690a74b8ff494db771f0e132dc68d01de,,,
brightkite,32,CURRENT_DETERMINISTIC,,19153,0.478825,4727,0,04c8cebb51742e7f192b6654e0e3029690a74b8ff494db771f0e132dc68d01de,1.0,0.6351485406985851,0.9866796324335613
brightkite,32,LRU_WITHIN_MINIMA,,14362,0.35905,-64,-4791,04c8cebb51742e7f192b6654e0e3029690a74b8ff494db771f0e132dc68d01de,1.0,0.39527920902381286,0.9720529870491575
brightkite,32,MRU_WITHIN_MINIMA,,19739,0.493475,5313,586,04c8cebb51742e7f192b6654e0e3029690a74b8ff494db771f0e132dc68d01de,1.0,0.6732863873549825,0.9883685217082933
brightkite,32,RANDOM_WITHIN_MINIMA,0,15143,0.378575,717,-4010,04c8cebb51742e7f192b6654e0e3029690a74b8ff494db771f0e132dc68d01de,1.0,0.419599815096084,0.9742104437693984
brightkite,32,RANDOM_WITHIN_MINIMA,1,15094,0.37735,668,-4059,04c8cebb51742e7f192b6654e0e3029690a74b8ff494db771f0e132dc68d01de,1.0,0.41619186431694716,0.9740521896117663
brightkite,32,RANDOM_WITHIN_MINIMA,2,15146,0.37865,720,-4007,04c8cebb51742e7f192b6654e0e3029690a74b8ff494db771f0e132dc68d01de,1.0,0.4187904397200581,0.97418872969761
brightkite,32,RANDOM_WITHIN_MINIMA,3,15141,0.378525,715,-4012,04c8cebb51742e7f192b6654e0e3029690a74b8ff494db771f0e132dc68d01de,1.0,0.4207780199458424,0.9743329370583185
brightkite,32,RANDOM_WITHIN_MINIMA,4,15125,0.378125,699,-4028,04c8cebb51742e7f192b6654e0e3029690a74b8ff494db771f0e132dc68d01de,1.0,0.41983471074380163,0.9740971074380165
brightkite,64,LRU_REFERENCE,,13225,0.330625,0,-5854,04c8cebb51742e7f192b6654e0e3029690a74b8ff494db771f0e132dc68d01de,,,
brightkite,64,CURRENT_DETERMINISTIC,,19079,0.476975,5854,0,04c8cebb51742e7f192b6654e0e3029690a74b8ff494db771f0e132dc68d01de,1.0,0.6302217097332146,0.9932132514806856
brightkite,64,LRU_WITHIN_MINIMA,,13210,0.33025,-15,-5869,04c8cebb51742e7f192b6654e0e3029690a74b8ff494db771f0e132dc68d01de,1.0,0.36737320211960633,0.9846399507948523
brightkite,64,MRU_WITHIN_MINIMA,,19725,0.493125,6500,646,04c8cebb51742e7f192b6654e0e3029690a74b8ff494db771f0e132dc68d01de,1.0,0.6721419518377694,0.9941611216730039
brightkite,64,RANDOM_WITHIN_MINIMA,0,14064,0.3516,839,-5015,04c8cebb51742e7f192b6654e0e3029690a74b8ff494db771f0e132dc68d01de,1.0,0.38097269624573377,0.9856237556882821
brightkite,64,RANDOM_WITHIN_MINIMA,1,14081,0.352025,856,-4998,04c8cebb51742e7f192b6654e0e3029690a74b8ff494db771f0e132dc68d01de,1.0,0.3811519068247994,0.9856355638804062
brightkite,64,RANDOM_WITHIN_MINIMA,2,14057,0.351425,832,-5022,04c8cebb51742e7f192b6654e0e3029690a74b8ff494db771f0e132dc68d01de,1.0,0.3839368286263072,0.9856521661805506
brightkite,64,RANDOM_WITHIN_MINIMA,3,14077,0.351925,852,-5002,04c8cebb51742e7f192b6654e0e3029690a74b8ff494db771f0e132dc68d01de,1.0,0.38367549904098885,0.985597073240037
brightkite,64,RANDOM_WITHIN_MINIMA,4,14082,0.35205,857,-4997,04c8cebb51742e7f192b6654e0e3029690a74b8ff494db771f0e132dc68d01de,1.0,0.38126686550205935,0.9856321456469251
brightkite,128,LRU_REFERENCE,,12397,0.309925,0,-6574,04c8cebb51742e7f192b6654e0e3029690a74b8ff494db771f0e132dc68d01de,,,
brightkite,128,CURRENT_DETERMINISTIC,,18971,0.474275,6574,0,04c8cebb51742e7f192b6654e0e3029690a74b8ff494db771f0e132dc68d01de,1.0,0.6231616678087607,0.9965234766222129
brightkite,128,LRU_WITHIN_MINIMA,,12386,0.30965,-11,-6585,04c8cebb51742e7f192b6654e0e3029690a74b8ff494db771f0e132dc68d01de,1.0,0.3495075084773131,0.9918519396899725
brightkite,128,MRU_WITHIN_MINIMA,,19679,0.491975,7282,708,04c8cebb51742e7f192b6654e0e3029690a74b8ff494db771f0e132dc68d01de,1.0,0.6681233802530616,0.9970391978759083
brightkite,128,RANDOM_WITHIN_MINIMA,0,13224,0.3306,827,-5747,04c8cebb51742e7f192b6654e0e3029690a74b8ff494db771f0e132dc68d01de,1.0,0.3644888082274652,0.9922997485632183
brightkite,128,RANDOM_WITHIN_MINIMA,1,13145,0.328625,748,-5826,04c8cebb51742e7f192b6654e0e3029690a74b8ff494db771f0e132dc68d01de,1.0,0.36112590338531764,0.9922415842525675
brightkite,128,RANDOM_WITHIN_MINIMA,2,13185,0.329625,788,-5786,04c8cebb51742e7f192b6654e0e3029690a74b8ff494db771f0e132dc68d01de,1.0,0.3603337125521426,0.9922645288206295
brightkite,128,RANDOM_WITHIN_MINIMA,3,13162,0.32905,765,-5809,04c8cebb51742e7f192b6654e0e3029690a74b8ff494db771f0e132dc68d01de,1.0,0.35860811426834827,0.9922195524996201
brightkite,128,RANDOM_WITHIN_MINIMA,4,13141,0.328525,744,-5830,04c8cebb51742e7f192b6654e0e3029690a74b8ff494db771f0e132dc68d01de,1.0,0.3587246023894681,0.9922142531009817
citibike,32,LRU_REFERENCE,,16603,0.415075,0,-8169,1ddab59d9dd9cd32ced3bf7409a2e2432cc6453cd06a6837670babb7f5d77130,,,
citibike,32,CURRENT_DETERMINISTIC,,24772,0.6193,8169,0,1ddab59d9dd9cd32ced3bf7409a2e2432cc6453cd06a6837670babb7f5d77130,1.0,0.5293072824156305,0.9814331705150977
citibike,32,LRU_WITHIN_MINIMA,,16583,0.414575,-20,-8189,1ddab59d9dd9cd32ced3bf7409a2e2432cc6453cd06a6837670babb7f5d77130,1.0,0.44382801664355065,0.9699748989929445
citibike,32,MRU_WITHIN_MINIMA,,24833,0.620825,8230,61,1ddab59d9dd9cd32ced3bf7409a2e2432cc6453cd06a6837670babb7f5d77130,1.0,0.5257922925139935,0.9815404401401361
citibike,32,RANDOM_WITHIN_MINIMA,0,17363,0.434075,760,-7409,1ddab59d9dd9cd32ced3bf7409a2e2432cc6453cd06a6837670babb7f5d77130,1.0,0.4213557564936935,0.9692467459540401
citibike,32,RANDOM_WITHIN_MINIMA,1,17302,0.43255,699,-7470,1ddab59d9dd9cd32ced3bf7409a2e2432cc6453cd06a6837670babb7f5d77130,1.0,0.42272569645127733,0.9692864264246908
citibike,32,RANDOM_WITHIN_MINIMA,2,17276,0.4319,673,-7496,1ddab59d9dd9cd32ced3bf7409a2e2432cc6453cd06a6837670babb7f5d77130,1.0,0.4205834683954619,0.9692130701551285
citibike,32,RANDOM_WITHIN_MINIMA,3,17332,0.4333,729,-7440,1ddab59d9dd9cd32ced3bf7409a2e2432cc6453cd06a6837670babb7f5d77130,1.0,0.41980152319409186,0.969006029309947
citibike,32,RANDOM_WITHIN_MINIMA,4,17390,0.43475,787,-7382,1ddab59d9dd9cd32ced3bf7409a2e2432cc6453cd06a6837670babb7f5d77130,1.0,0.42294422081656124,0.9693142610695802
citibike,64,LRU_REFERENCE,,15709,0.392725,0,-8969,1ddab59d9dd9cd32ced3bf7409a2e2432cc6453cd06a6837670babb7f5d77130,,,
citibike,64,CURRENT_DETERMINISTIC,,24678,0.61695,8969,0,1ddab59d9dd9cd32ced3bf7409a2e2432cc6453cd06a6837670babb7f5d77130,1.0,0.525083069940838,0.9905849846016695
citibike,64,LRU_WITHIN_MINIMA,,15691,0.392275,-18,-8987,1ddab59d9dd9cd32ced3bf7409a2e2432cc6453cd06a6837670babb7f5d77130,1.0,0.39270919635459817,0.9833314081320502
citibike,64,MRU_WITHIN_MINIMA,,24452,0.6113,8743,-226,1ddab59d9dd9cd32ced3bf7409a2e2432cc6453cd06a6837670babb7f5d77130,1.0,0.502331097660723,0.9901829349337478
citibike,64,RANDOM_WITHIN_MINIMA,0,16109,0.402725,400,-8569,1ddab59d9dd9cd32ced3bf7409a2e2432cc6453cd06a6837670babb7f5d77130,1.0,0.3720901359488485,0.9830451921286237
citibike,64,RANDOM_WITHIN_MINIMA,1,16123,0.403075,414,-8555,1ddab59d9dd9cd32ced3bf7409a2e2432cc6453cd06a6837670babb7f5d77130,1.0,0.37201513365998884,0.9830037058860014
citibike,64,RANDOM_WITHIN_MINIMA,2,16104,0.4026,395,-8574,1ddab59d9dd9cd32ced3bf7409a2e2432cc6453cd06a6837670babb7f5d77130,1.0,0.37152260307998014,0.9830506007824144
citibike,64,RANDOM_WITHIN_MINIMA,3,16153,0.403825,444,-8525,1ddab59d9dd9cd32ced3bf7409a2e2432cc6453cd06a6837670babb7f5d77130,1.0,0.37150993623475514,0.9829791679564167
citibike,64,RANDOM_WITHIN_MINIMA,4,16166,0.40415,457,-8512,1ddab59d9dd9cd32ced3bf7409a2e2432cc6453cd06a6837670babb7f5d77130,1.0,0.3719534826178399,0.9831165718173945
citibike,128,LRU_REFERENCE,,14217,0.355425,0,-10244,1ddab59d9dd9cd32ced3bf7409a2e2432cc6453cd06a6837670babb7f5d77130,,,
citibike,128,CURRENT_DETERMINISTIC,,24461,0.611525,10244,0,1ddab59d9dd9cd32ced3bf7409a2e2432cc6453cd06a6837670babb7f5d77130,1.0,0.5111401823310576,0.9951220182126651
citibike,128,LRU_WITHIN_MINIMA,,14197,0.354925,-20,-10264,1ddab59d9dd9cd32ced3bf7409a2e2432cc6453cd06a6837670babb7f5d77130,1.0,0.3256321758117912,0.9903632809748538
citibike,128,MRU_WITHIN_MINIMA,,23799,0.594975,9582,-662,1ddab59d9dd9cd32ced3bf7409a2e2432cc6453cd06a6837670babb7f5d77130,1.0,0.4582125299382327,0.9945362725324594
citibike,128,RANDOM_WITHIN_MINIMA,0,14780,0.3695,563,-9681,1ddab59d9dd9cd32ced3bf7409a2e2432cc6453cd06a6837670babb7f5d77130,1.0,0.30825439783491204,0.9903707501691476
citibike,128,RANDOM_WITHIN_MINIMA,1,14721,0.368025,504,-9740,1ddab59d9dd9cd32ced3bf7409a2e2432cc6453cd06a6837670babb7f5d77130,1.0,0.30751986957407784,0.9903103984104341
citibike,128,RANDOM_WITHIN_MINIMA,2,14777,0.369425,560,-9684,1ddab59d9dd9cd32ced3bf7409a2e2432cc6453cd06a6837670babb7f5d77130,1.0,0.3093997428436083,0.9903582213913514
citibike,128,RANDOM_WITHIN_MINIMA,3,14769,0.369225,552,-9692,1ddab59d9dd9cd32ced3bf7409a2e2432cc6453cd06a6837670babb7f5d77130,1.0,0.30516622655562325,0.9903260207190737
citibike,128,RANDOM_WITHIN_MINIMA,4,14693,0.367325,476,-9768,1ddab59d9dd9cd32ced3bf7409a2e2432cc6453cd06a6837670babb7f5d77130,1.0,0.3001429252024774,0.9902169613081059
cloudphysics,32,LRU_REFERENCE,,39442,0.98605,0,-513,fedb3d31ee3c1dd847d25f967392cdf0fdec1e9c1fbb6808772e281bc8d4fb57,,,
cloudphysics,32,CURRENT_DETERMINISTIC,,39955,0.998875,513,0,fedb3d31ee3c1dd847d25f967392cdf0fdec1e9c1fbb6808772e281bc8d4fb57,1.0,0.997021649355525,0.9999069265423601
cloudphysics,32,LRU_WITHIN_MINIMA,,39420,0.9855,-22,-535,fedb3d31ee3c1dd847d25f967392cdf0fdec1e9c1fbb6808772e281bc8d4fb57,1.0,0.9532217148655505,0.9983138318112633
cloudphysics,32,MRU_WITHIN_MINIMA,,39956,0.9989,514,1,fedb3d31ee3c1dd847d25f967392cdf0fdec1e9c1fbb6808772e281bc8d4fb57,1.0,0.9969716688357193,0.9999053646511162
cloudphysics,32,RANDOM_WITHIN_MINIMA,0,39412,0.9853,-30,-543,fedb3d31ee3c1dd847d25f967392cdf0fdec1e9c1fbb6808772e281bc8d4fb57,1.0,0.9507256673094489,0.9982706726377752
cloudphysics,32,RANDOM_WITHIN_MINIMA,1,39406,0.98515,-36,-549,fedb3d31ee3c1dd847d25f967392cdf0fdec1e9c1fbb6808772e281bc8d4fb57,1.0,0.9519108765162666,0.9982783395929554
cloudphysics,32,RANDOM_WITHIN_MINIMA,2,39397,0.984925,-45,-558,fedb3d31ee3c1dd847d25f967392cdf0fdec1e9c1fbb6808772e281bc8d4fb57,1.0,0.9505799934005127,0.9982430451557225
cloudphysics,32,RANDOM_WITHIN_MINIMA,3,39434,0.98585,-8,-521,fedb3d31ee3c1dd847d25f967392cdf0fdec1e9c1fbb6808772e281bc8d4fb57,1.0,0.952629710402191,0.9983136379773799
cloudphysics,32,RANDOM_WITHIN_MINIMA,4,39418,0.98545,-24,-537,fedb3d31ee3c1dd847d25f967392cdf0fdec1e9c1fbb6808772e281bc8d4fb57,1.0,0.9520269927444315,0.9982986833426354
cloudphysics,64,LRU_REFERENCE,,38880,0.972,0,-1067,fedb3d31ee3c1dd847d25f967392cdf0fdec1e9c1fbb6808772e281bc8d4fb57,,,
cloudphysics,64,CURRENT_DETERMINISTIC,,39947,0.998675,1067,0,fedb3d31ee3c1dd847d25f967392cdf0fdec1e9c1fbb6808772e281bc8d4fb57,1.0,0.9962199914887225,0.9999409373670113
cloudphysics,64,LRU_WITHIN_MINIMA,,38862,0.97155,-18,-1085,fedb3d31ee3c1dd847d25f967392cdf0fdec1e9c1fbb6808772e281bc8d4fb57,1.0,0.914595234419227,0.9984239102465133
cloudphysics,64,MRU_WITHIN_MINIMA,,39954,0.99885,1074,7,fedb3d31ee3c1dd847d25f967392cdf0fdec1e9c1fbb6808772e281bc8d4fb57,1.0,0.996771286980027,0.9999495513590629
cloudphysics,64,RANDOM_WITHIN_MINIMA,0,38997,0.974925,117,-950,fedb3d31ee3c1dd847d25f967392cdf0fdec1e9c1fbb6808772e281bc8d4fb57,1.0,0.9178654768315512,0.9985451605251686
cloudphysics,64,RANDOM_WITHIN_MINIMA,1,39013,0.975325,133,-934,fedb3d31ee3c1dd847d25f967392cdf0fdec1e9c1fbb6808772e281bc8d4fb57,1.0,0.9202829825955451,0.998578999307923
cloudphysics,64,RANDOM_WITHIN_MINIMA,2,39090,0.97725,210,-857,fedb3d31ee3c1dd847d25f967392cdf0fdec1e9c1fbb6808772e281bc8d4fb57,1.0,0.925530826298286,0.9986921207469941
cloudphysics,64,RANDOM_WITHIN_MINIMA,3,39053,0.976325,173,-894,fedb3d31ee3c1dd847d25f967392cdf0fdec1e9c1fbb6808772e281bc8d4fb57,1.0,0.9234629861982434,0.9986416696540599
cloudphysics,64,RANDOM_WITHIN_MINIMA,4,39044,0.9761,164,-903,fedb3d31ee3c1dd847d25f967392cdf0fdec1e9c1fbb6808772e281bc8d4fb57,1.0,0.9214219854523102,0.9986229478280914
cloudphysics,128,LRU_REFERENCE,,38237,0.955925,0,-1700,fedb3d31ee3c1dd847d25f967392cdf0fdec1e9c1fbb6808772e281bc8d4fb57,,,
cloudphysics,128,CURRENT_DETERMINISTIC,,39937,0.998425,1700,0,fedb3d31ee3c1dd847d25f967392cdf0fdec1e9c1fbb6808772e281bc8d4fb57,1.0,0.9954428224453514,0.9999632233267396
cloudphysics,128,LRU_WITHIN_MINIMA,,38232,0.9558,-5,-1705,fedb3d31ee3c1dd847d25f967392cdf0fdec1e9c1fbb6808772e281bc8d4fb57,1.0,0.8718874241473111,0.9988117365688428
cloudphysics,128,MRU_WITHIN_MINIMA,,39937,0.998425,1700,0,fedb3d31ee3c1dd847d25f967392cdf0fdec1e9c1fbb6808772e281bc8d4fb57,1.0,0.9950672308886497,0.9999614627413176
cloudphysics,128,RANDOM_WITHIN_MINIMA,0,38572,0.9643,335,-1365,fedb3d31ee3c1dd847d25f967392cdf0fdec1e9c1fbb6808772e281bc8d4fb57,1.0,0.8874572228559577,0.99899173947423
cloudphysics,128,RANDOM_WITHIN_MINIMA,1,38562,0.96405,325,-1375,fedb3d31ee3c1dd847d25f967392cdf0fdec1e9c1fbb6808772e281bc8d4fb57,1.0,0.8857165084798506,0.9989740547689435
cloudphysics,128,RANDOM_WITHIN_MINIMA,2,38582,0.96455,345,-1355,fedb3d31ee3c1dd847d25f967392cdf0fdec1e9c1fbb6808772e281bc8d4fb57,1.0,0.8892747913534809,0.9990067826317972
cloudphysics,128,RANDOM_WITHIN_MINIMA,3,38531,0.963275,294,-1406,fedb3d31ee3c1dd847d25f967392cdf0fdec1e9c1fbb6808772e281bc8d4fb57,1.0,0.885702421426903,0.9989624831304664
cloudphysics,128,RANDOM_WITHIN_MINIMA,4,38559,0.963975,322,-1378,fedb3d31ee3c1dd847d25f967392cdf0fdec1e9c1fbb6808772e281bc8d4fb57,1.0,0.8860447625716434,0.9989737723359008
metacdn,32,LRU_REFERENCE,,23207,0.580175,0,-3239,7301f02e1373cb7e06f1ed2c417a8ebe16581319354780f811c8d032391f4e73,,,
metacdn,32,CURRENT_DETERMINISTIC,,26446,0.66115,3239,0,7301f02e1373cb7e06f1ed2c417a8ebe16581319354780f811c8d032391f4e73,1.0,0.4907358390682901,0.9811880813733646
metacdn,32,LRU_WITHIN_MINIMA,,23173,0.579325,-34,-3273,7301f02e1373cb7e06f1ed2c417a8ebe16581319354780f811c8d032391f4e73,1.0,0.2232770897164804,0.9681188775730376
metacdn,32,MRU_WITHIN_MINIMA,,27904,0.6976,4697,1458,7301f02e1373cb7e06f1ed2c417a8ebe16581319354780f811c8d032391f4e73,1.0,0.5837155963302753,0.9859495950401376
metacdn,32,RANDOM_WITHIN_MINIMA,0,23787,0.594675,580,-2659,7301f02e1373cb7e06f1ed2c417a8ebe16581319354780f811c8d032391f4e73,1.0,0.26237020221129187,0.9705288077521336
metacdn,32,RANDOM_WITHIN_MINIMA,1,23738,0.59345,531,-2708,7301f02e1373cb7e06f1ed2c417a8ebe16581319354780f811c8d032391f4e73,1.0,0.2584042463560536,0.9703323784649086
metacdn,32,RANDOM_WITHIN_MINIMA,2,23796,0.5949,589,-2650,7301f02e1373cb7e06f1ed2c417a8ebe16581319354780f811c8d032391f4e73,1.0,0.2673138342578585,0.9706397608841822
metacdn,32,RANDOM_WITHIN_MINIMA,3,23798,0.59495,591,-2648,7301f02e1373cb7e06f1ed2c417a8ebe16581319354780f811c8d032391f4e73,1.0,0.26392974199512564,0.9705187935961005
metacdn,32,RANDOM_WITHIN_MINIMA,4,23768,0.5942,561,-2678,7301f02e1373cb7e06f1ed2c417a8ebe16581319354780f811c8d032391f4e73,1.0,0.2595506563446651,0.9704395090037025
metacdn,64,LRU_REFERENCE,,22586,0.56465,0,-3443,7301f02e1373cb7e06f1ed2c417a8ebe16581319354780f811c8d032391f4e73,,,
metacdn,64,CURRENT_DETERMINISTIC,,26029,0.650725,3443,0,7301f02e1373cb7e06f1ed2c417a8ebe16581319354780f811c8d032391f4e73,1.0,0.4653655538053709,0.9899361049214338
metacdn,64,LRU_WITHIN_MINIMA,,22571,0.564275,-15,-3458,7301f02e1373cb7e06f1ed2c417a8ebe16581319354780f811c8d032391f4e73,1.0,0.20340259625182758,0.9830894732178459
metacdn,64,MRU_WITHIN_MINIMA,,27903,0.697575,5317,1874,7301f02e1373cb7e06f1ed2c417a8ebe16581319354780f811c8d032391f4e73,1.0,0.5835573235852776,0.9929723058452496
metacdn,64,RANDOM_WITHIN_MINIMA,0,23085,0.577125,499,-2944,7301f02e1373cb7e06f1ed2c417a8ebe16581319354780f811c8d032391f4e73,1.0,0.2272471301711068,0.9840020576131687
metacdn,64,RANDOM_WITHIN_MINIMA,1,23063,0.576575,477,-2966,7301f02e1373cb7e06f1ed2c417a8ebe16581319354780f811c8d032391f4e73,1.0,0.23132289814854962,0.9840572562112474
metacdn,64,RANDOM_WITHIN_MINIMA,2,23055,0.576375,469,-2974,7301f02e1373cb7e06f1ed2c417a8ebe16581319354780f811c8d032391f4e73,1.0,0.22949468661895467,0.9839988614183475
metacdn,64,RANDOM_WITHIN_MINIMA,3,23062,0.57655,476,-2967,7301f02e1373cb7e06f1ed2c417a8ebe16581319354780f811c8d032391f4e73,1.0,0.22808082560055504,0.983980004986558
metacdn,64,RANDOM_WITHIN_MINIMA,4,23084,0.5771,498,-2945,7301f02e1373cb7e06f1ed2c417a8ebe16581319354780f811c8d032391f4e73,1.0,0.22898977646854965,0.9840440077542887
metacdn,128,LRU_REFERENCE,,21952,0.5488,0,-3672,7301f02e1373cb7e06f1ed2c417a8ebe16581319354780f811c8d032391f4e73,,,
metacdn,128,CURRENT_DETERMINISTIC,,25624,0.6406,3672,0,7301f02e1373cb7e06f1ed2c417a8ebe16581319354780f811c8d032391f4e73,1.0,0.44056353418669997,0.9946296684748673
metacdn,128,LRU_WITHIN_MINIMA,,21949,0.548725,-3,-3675,7301f02e1373cb7e06f1ed2c417a8ebe16581319354780f811c8d032391f4e73,1.0,0.18506537883274865,0.991042089047337
metacdn,128,MRU_WITHIN_MINIMA,,27898,0.69745,5946,2274,7301f02e1373cb7e06f1ed2c417a8ebe16581319354780f811c8d032391f4e73,1.0,0.5831959280235143,0.996481602623844
metacdn,128,RANDOM_WITHIN_MINIMA,0,22392,0.5598,440,-3232,7301f02e1373cb7e06f1ed2c417a8ebe16581319354780f811c8d032391f4e73,1.0,0.1997588424437299,0.9914157399964273
metacdn,128,RANDOM_WITHIN_MINIMA,1,22422,0.56055,470,-3202,7301f02e1373cb7e06f1ed2c417a8ebe16581319354780f811c8d032391f4e73,1.0,0.20506645259120507,0.9914526608910891
metacdn,128,RANDOM_WITHIN_MINIMA,2,22365,0.559125,413,-3259,7301f02e1373cb7e06f1ed2c417a8ebe16581319354780f811c8d032391f4e73,1.0,0.1989268947015426,0.9913976917057903
metacdn,128,RANDOM_WITHIN_MINIMA,3,22374,0.55935,422,-3250,7301f02e1373cb7e06f1ed2c417a8ebe16581319354780f811c8d032391f4e73,1.0,0.2046571913828551,0.9914105798024493
metacdn,128,RANDOM_WITHIN_MINIMA,4,22394,0.55985,442,-3230,7301f02e1373cb7e06f1ed2c417a8ebe16581319354780f811c8d032391f4e73,1.0,0.20219701705814058,0.9914245305662231
metakv,32,LRU_REFERENCE,,30569,0.764225,0,-123,4c229e841d546cd57a2edb6e3ddc53461ff4dc03d366e9d24e4239a89db7e0de,,,
metakv,32,CURRENT_DETERMINISTIC,,30692,0.7673,123,0,4c229e841d546cd57a2edb6e3ddc53461ff4dc03d366e9d24e4239a89db7e0de,1.0,0.8961618662843738,0.9966002948651115
metakv,32,LRU_WITHIN_MINIMA,,30568,0.7642,-1,-124,4c229e841d546cd57a2edb6e3ddc53461ff4dc03d366e9d24e4239a89db7e0de,1.0,0.88824914943732,0.9962920783171945
metakv,32,MRU_WITHIN_MINIMA,,30796,0.7699,227,104,4c229e841d546cd57a2edb6e3ddc53461ff4dc03d366e9d24e4239a89db7e0de,1.0,0.9029744122613327,0.996870535134433
metakv,32,RANDOM_WITHIN_MINIMA,0,30573,0.764325,4,-119,4c229e841d546cd57a2edb6e3ddc53461ff4dc03d366e9d24e4239a89db7e0de,1.0,0.8884309685016191,0.9963039283027508
metakv,32,RANDOM_WITHIN_MINIMA,1,30590,0.76475,21,-102,4c229e841d546cd57a2edb6e3ddc53461ff4dc03d366e9d24e4239a89db7e0de,1.0,0.8894736842105263,0.9963417374959137
metakv,32,RANDOM_WITHIN_MINIMA,2,30587,0.764675,18,-105,4c229e841d546cd57a2edb6e3ddc53461ff4dc03d366e9d24e4239a89db7e0de,1.0,0.8895936182038121,0.9963454653937948
metakv,32,RANDOM_WITHIN_MINIMA,3,30583,0.764575,14,-109,4c229e841d546cd57a2edb6e3ddc53461ff4dc03d366e9d24e4239a89db7e0de,1.0,0.8891868031259196,0.9963296602687768
metakv,32,RANDOM_WITHIN_MINIMA,4,30583,0.764575,14,-109,4c229e841d546cd57a2edb6e3ddc53461ff4dc03d366e9d24e4239a89db7e0de,1.0,0.8892195010299839,0.9963327256972828
metakv,64,LRU_REFERENCE,,30552,0.7638,0,-102,4c229e841d546cd57a2edb6e3ddc53461ff4dc03d366e9d24e4239a89db7e0de,,,
metakv,64,CURRENT_DETERMINISTIC,,30654,0.76635,102,0,4c229e841d546cd57a2edb6e3ddc53461ff4dc03d366e9d24e4239a89db7e0de,1.0,0.8929666601422327,0.9982424805898088
metakv,64,LRU_WITHIN_MINIMA,,30552,0.7638,0,-102,4c229e841d546cd57a2edb6e3ddc53461ff4dc03d366e9d24e4239a89db7e0de,1.0,0.8869141136423148,0.9981215427795235
metakv,64,MRU_WITHIN_MINIMA,,30786,0.76965,234,132,4c229e841d546cd57a2edb6e3ddc53461ff4dc03d366e9d24e4239a89db7e0de,1.0,0.9020333918014682,0.998419025693497
metakv,64,RANDOM_WITHIN_MINIMA,0,30563,0.764075,11,-91,4c229e841d546cd57a2edb6e3ddc53461ff4dc03d366e9d24e4239a89db7e0de,1.0,0.8880018322808625,0.998139089749043
metakv,64,RANDOM_WITHIN_MINIMA,1,30566,0.76415,14,-88,4c229e841d546cd57a2edb6e3ddc53461ff4dc03d366e9d24e4239a89db7e0de,1.0,0.8879146764378721,0.9981397835830661
metakv,64,RANDOM_WITHIN_MINIMA,2,30564,0.7641,12,-90,4c229e841d546cd57a2edb6e3ddc53461ff4dc03d366e9d24e4239a89db7e0de,1.0,0.8875801596649653,0.9981371057453213
metakv,64,RANDOM_WITHIN_MINIMA,3,30568,0.7642,16,-86,4c229e841d546cd57a2edb6e3ddc53461ff4dc03d366e9d24e4239a89db7e0de,1.0,0.8884127191834599,0.9981470614695106
metakv,64,RANDOM_WITHIN_MINIMA,4,30560,0.764,8,-94,4c229e841d546cd57a2edb6e3ddc53461ff4dc03d366e9d24e4239a89db7e0de,1.0,0.887434554973822,0.9981332828861257
metakv,128,LRU_REFERENCE,,30539,0.763475,0,-59,4c229e841d546cd57a2edb6e3ddc53461ff4dc03d366e9d24e4239a89db7e0de,,,
metakv,128,CURRENT_DETERMINISTIC,,30598,0.76495,59,0,4c229e841d546cd57a2edb6e3ddc53461ff4dc03d366e9d24e4239a89db7e0de,1.0,0.8885874893783907,0.999080056294529
metakv,128,LRU_WITHIN_MINIMA,,30539,0.763475,0,-59,4c229e841d546cd57a2edb6e3ddc53461ff4dc03d366e9d24e4239a89db7e0de,1.0,0.8859818592619274,0.9990511620387046
metakv,128,MRU_WITHIN_MINIMA,,30765,0.769125,226,167,4c229e841d546cd57a2edb6e3ddc53461ff4dc03d366e9d24e4239a89db7e0de,1.0,0.900178774581505,0.9991937367950593
metakv,128,RANDOM_WITHIN_MINIMA,0,30537,0.763425,-2,-61,4c229e841d546cd57a2edb6e3ddc53461ff4dc03d366e9d24e4239a89db7e0de,1.0,0.8861381275174378,0.9990487973605789
metakv,128,RANDOM_WITHIN_MINIMA,1,30536,0.7634,-3,-62,4c229e841d546cd57a2edb6e3ddc53461ff4dc03d366e9d24e4239a89db7e0de,1.0,0.88561042703694,0.9990467194459
metakv,128,RANDOM_WITHIN_MINIMA,2,30541,0.763525,2,-57,4c229e841d546cd57a2edb6e3ddc53461ff4dc03d366e9d24e4239a89db7e0de,1.0,0.8865132117481418,0.9990537822107985
metakv,128,RANDOM_WITHIN_MINIMA,3,30544,0.7636,5,-54,4c229e841d546cd57a2edb6e3ddc53461ff4dc03d366e9d24e4239a89db7e0de,1.0,0.8864916186485071,0.9990551540400734
metakv,128,RANDOM_WITHIN_MINIMA,4,30542,0.76355,3,-56,4c229e841d546cd57a2edb6e3ddc53461ff4dc03d366e9d24e4239a89db7e0de,1.0,0.8863204767205815,0.9990540689869688
twemcache,32,LRU_REFERENCE,,30022,0.75055,0,-5367,62df27062ce2595c843fd91e01d26c9783ff8f165f6b26e983696eda7ada0bb9,,,
twemcache,32,CURRENT_DETERMINISTIC,,35389,0.884725,5367,0,62df27062ce2595c843fd91e01d26c9783ff8f165f6b26e983696eda7ada0bb9,1.0,0.8488513379863799,0.994834199892622
twemcache,32,LRU_WITHIN_MINIMA,,29928,0.7482,-94,-5461,62df27062ce2595c843fd91e01d26c9783ff8f165f6b26e983696eda7ada0bb9,1.0,0.5299385191125368,0.9793170275327453
twemcache,32,MRU_WITHIN_MINIMA,,35501,0.887525,5479,112,62df27062ce2595c843fd91e01d26c9783ff8f165f6b26e983696eda7ada0bb9,1.0,0.8578349905636461,0.9951515450269006
twemcache,32,RANDOM_WITHIN_MINIMA,0,30734,0.76835,712,-4655,62df27062ce2595c843fd91e01d26c9783ff8f165f6b26e983696eda7ada0bb9,1.0,0.552710353354591,0.9811253416411791
twemcache,32,RANDOM_WITHIN_MINIMA,1,30793,0.769825,771,-4596,62df27062ce2595c843fd91e01d26c9783ff8f165f6b26e983696eda7ada0bb9,1.0,0.5538596434254538,0.9811939807748514
twemcache,32,RANDOM_WITHIN_MINIMA,2,30715,0.767875,693,-4674,62df27062ce2595c843fd91e01d26c9783ff8f165f6b26e983696eda7ada0bb9,1.0,0.5521406478919095,0.9811340143252483
twemcache,32,RANDOM_WITHIN_MINIMA,3,30765,0.769125,743,-4624,62df27062ce2595c843fd91e01d26c9783ff8f165f6b26e983696eda7ada0bb9,1.0,0.5501381439947993,0.9811849910612709
twemcache,32,RANDOM_WITHIN_MINIMA,4,30771,0.769275,749,-4618,62df27062ce2595c843fd91e01d26c9783ff8f165f6b26e983696eda7ada0bb9,1.0,0.5499008806993598,0.9811632706119399
twemcache,64,LRU_REFERENCE,,27650,0.69125,0,-7680,62df27062ce2595c843fd91e01d26c9783ff8f165f6b26e983696eda7ada0bb9,,,
twemcache,64,CURRENT_DETERMINISTIC,,35330,0.88325,7680,0,62df27062ce2595c843fd91e01d26c9783ff8f165f6b26e983696eda7ada0bb9,1.0,0.843136144919332,0.9973181432210586
twemcache,64,LRU_WITHIN_MINIMA,,27603,0.690075,-47,-7727,62df27062ce2595c843fd91e01d26c9783ff8f165f6b26e983696eda7ada0bb9,1.0,0.430931420497772,0.9865407519110242
twemcache,64,MRU_WITHIN_MINIMA,,35404,0.8851,7754,74,62df27062ce2595c843fd91e01d26c9783ff8f165f6b26e983696eda7ada0bb9,1.0,0.8528414868376455,0.9974662997118969
twemcache,64,RANDOM_WITHIN_MINIMA,0,28794,0.71985,1144,-6536,62df27062ce2595c843fd91e01d26c9783ff8f165f6b26e983696eda7ada0bb9,1.0,0.45797735639369314,0.9878289530805029
twemcache,64,RANDOM_WITHIN_MINIMA,1,28690,0.71725,1040,-6640,62df27062ce2595c843fd91e01d26c9783ff8f165f6b26e983696eda7ada0bb9,1.0,0.45590798187521786,0.9877064090275357
twemcache,64,RANDOM_WITHIN_MINIMA,2,28658,0.71645,1008,-6672,62df27062ce2595c843fd91e01d26c9783ff8f165f6b26e983696eda7ada0bb9,1.0,0.4525437923093028,0.987673598995045
twemcache,64,RANDOM_WITHIN_MINIMA,3,28749,0.718725,1099,-6581,62df27062ce2595c843fd91e01d26c9783ff8f165f6b26e983696eda7ada0bb9,1.0,0.45643326724407807,0.987751747886883
twemcache,64,RANDOM_WITHIN_MINIMA,4,28793,0.719825,1143,-6537,62df27062ce2595c843fd91e01d26c9783ff8f165f6b26e983696eda7ada0bb9,1.0,0.4581669155697565,0.9878442677039558
twemcache,128,LRU_REFERENCE,,24913,0.622825,0,-10248,62df27062ce2595c843fd91e01d26c9783ff8f165f6b26e983696eda7ada0bb9,,,
twemcache,128,CURRENT_DETERMINISTIC,,35161,0.879025,10248,0,62df27062ce2595c843fd91e01d26c9783ff8f165f6b26e983696eda7ada0bb9,1.0,0.8302380478370922,0.9985346424305338
twemcache,128,LRU_WITHIN_MINIMA,,24887,0.622175,-26,-10274,62df27062ce2595c843fd91e01d26c9783ff8f165f6b26e983696eda7ada0bb9,1.0,0.36420621207859527,0.9917718713585406
twemcache,128,MRU_WITHIN_MINIMA,,35230,0.88075,10317,69,62df27062ce2595c843fd91e01d26c9783ff8f165f6b26e983696eda7ada0bb9,1.0,0.8426625035481125,0.9986237759012205
twemcache,128,RANDOM_WITHIN_MINIMA,0,26643,0.666075,1730,-8518,62df27062ce2595c843fd91e01d26c9783ff8f165f6b26e983696eda7ada0bb9,1.0,0.3866681679990992,0.9925299914611718
twemcache,128,RANDOM_WITHIN_MINIMA,1,26518,0.66295,1605,-8643,62df27062ce2595c843fd91e01d26c9783ff8f165f6b26e983696eda7ada0bb9,1.0,0.38208009653820046,0.9924340895806621
twemcache,128,RANDOM_WITHIN_MINIMA,2,26561,0.664025,1648,-8600,62df27062ce2595c843fd91e01d26c9783ff8f165f6b26e983696eda7ada0bb9,1.0,0.3844358269643462,0.9924792811829374
twemcache,128,RANDOM_WITHIN_MINIMA,3,26578,0.66445,1665,-8583,62df27062ce2595c843fd91e01d26c9783ff8f165f6b26e983696eda7ada0bb9,1.0,0.3802392956580631,0.9924782127135224
twemcache,128,RANDOM_WITHIN_MINIMA,4,26472,0.6618,1559,-8689,62df27062ce2595c843fd91e01d26c9783ff8f165f6b26e983696eda7ada0bb9,1.0,0.3841417346630402,0.9924545864498338
wiki2018,32,LRU_REFERENCE,,40000,1.0,0,0,3813084bebfcf463ac22a685494b46aea45aded55d314411c9fbb058b5d67608,,,
wiki2018,32,CURRENT_DETERMINISTIC,,40000,1.0,0,0,3813084bebfcf463ac22a685494b46aea45aded55d314411c9fbb058b5d67608,1.0,1.0,1.0
wiki2018,32,LRU_WITHIN_MINIMA,,40000,1.0,0,0,3813084bebfcf463ac22a685494b46aea45aded55d314411c9fbb058b5d67608,1.0,1.0,1.0
wiki2018,32,MRU_WITHIN_MINIMA,,40000,1.0,0,0,3813084bebfcf463ac22a685494b46aea45aded55d314411c9fbb058b5d67608,1.0,1.0,1.0
wiki2018,32,RANDOM_WITHIN_MINIMA,0,40000,1.0,0,0,3813084bebfcf463ac22a685494b46aea45aded55d314411c9fbb058b5d67608,1.0,1.0,1.0
wiki2018,32,RANDOM_WITHIN_MINIMA,1,40000,1.0,0,0,3813084bebfcf463ac22a685494b46aea45aded55d314411c9fbb058b5d67608,1.0,1.0,1.0
wiki2018,32,RANDOM_WITHIN_MINIMA,2,40000,1.0,0,0,3813084bebfcf463ac22a685494b46aea45aded55d314411c9fbb058b5d67608,1.0,1.0,1.0
wiki2018,32,RANDOM_WITHIN_MINIMA,3,40000,1.0,0,0,3813084bebfcf463ac22a685494b46aea45aded55d314411c9fbb058b5d67608,1.0,1.0,1.0
wiki2018,32,RANDOM_WITHIN_MINIMA,4,40000,1.0,0,0,3813084bebfcf463ac22a685494b46aea45aded55d314411c9fbb058b5d67608,1.0,1.0,1.0
wiki2018,64,LRU_REFERENCE,,40000,1.0,0,0,3813084bebfcf463ac22a685494b46aea45aded55d314411c9fbb058b5d67608,,,
wiki2018,64,CURRENT_DETERMINISTIC,,40000,1.0,0,0,3813084bebfcf463ac22a685494b46aea45aded55d314411c9fbb058b5d67608,1.0,1.0,1.0
wiki2018,64,LRU_WITHIN_MINIMA,,40000,1.0,0,0,3813084bebfcf463ac22a685494b46aea45aded55d314411c9fbb058b5d67608,1.0,1.0,1.0
wiki2018,64,MRU_WITHIN_MINIMA,,40000,1.0,0,0,3813084bebfcf463ac22a685494b46aea45aded55d314411c9fbb058b5d67608,1.0,1.0,1.0
wiki2018,64,RANDOM_WITHIN_MINIMA,0,40000,1.0,0,0,3813084bebfcf463ac22a685494b46aea45aded55d314411c9fbb058b5d67608,1.0,1.0,1.0
wiki2018,64,RANDOM_WITHIN_MINIMA,1,40000,1.0,0,0,3813084bebfcf463ac22a685494b46aea45aded55d314411c9fbb058b5d67608,1.0,1.0,1.0
wiki2018,64,RANDOM_WITHIN_MINIMA,2,40000,1.0,0,0,3813084bebfcf463ac22a685494b46aea45aded55d314411c9fbb058b5d67608,1.0,1.0,1.0
wiki2018,64,RANDOM_WITHIN_MINIMA,3,40000,1.0,0,0,3813084bebfcf463ac22a685494b46aea45aded55d314411c9fbb058b5d67608,1.0,1.0,1.0
wiki2018,64,RANDOM_WITHIN_MINIMA,4,40000,1.0,0,0,3813084bebfcf463ac22a685494b46aea45aded55d314411c9fbb058b5d67608,1.0,1.0,1.0
wiki2018,128,LRU_REFERENCE,,40000,1.0,0,0,3813084bebfcf463ac22a685494b46aea45aded55d314411c9fbb058b5d67608,,,
wiki2018,128,CURRENT_DETERMINISTIC,,40000,1.0,0,0,3813084bebfcf463ac22a685494b46aea45aded55d314411c9fbb058b5d67608,1.0,1.0,1.0
wiki2018,128,LRU_WITHIN_MINIMA,,40000,1.0,0,0,3813084bebfcf463ac22a685494b46aea45aded55d314411c9fbb058b5d67608,1.0,1.0,1.0
wiki2018,128,MRU_WITHIN_MINIMA,,40000,1.0,0,0,3813084bebfcf463ac22a685494b46aea45aded55d314411c9fbb058b5d67608,1.0,1.0,1.0
wiki2018,128,RANDOM_WITHIN_MINIMA,0,40000,1.0,0,0,3813084bebfcf463ac22a685494b46aea45aded55d314411c9fbb058b5d67608,1.0,1.0,1.0
wiki2018,128,RANDOM_WITHIN_MINIMA,1,40000,1.0,0,0,3813084bebfcf463ac22a685494b46aea45aded55d314411c9fbb058b5d67608,1.0,1.0,1.0
wiki2018,128,RANDOM_WITHIN_MINIMA,2,40000,1.0,0,0,3813084bebfcf463ac22a685494b46aea45aded55d314411c9fbb058b5d67608,1.0,1.0,1.0
wiki2018,128,RANDOM_WITHIN_MINIMA,3,40000,1.0,0,0,3813084bebfcf463ac22a685494b46aea45aded55d314411c9fbb058b5d67608,1.0,1.0,1.0
wiki2018,128,RANDOM_WITHIN_MINIMA,4,40000,1.0,0,0,3813084bebfcf463ac22a685494b46aea45aded55d314411c9fbb058b5d67608,1.0,1.0,1.0
