capacity,delta_vs_lru,diagnostics_count,held_out_family,miss_ratio,misses,model_sha256,objective,seed,trace_sha256,validation_mean_regret,victim_sequence_sha256
32,,0,brightkite,0.37025,14810,7a03054c7c44013afa12d5832b98c1f60bb8507414e9a43425425319fe61c151,objective_eviction_loss,0,04c8cebb51742e7f192b6654e0e3029690a74b8ff494db771f0e132dc68d01de,0.0,8d766ea2b82b564f0c6976aae4136c43fe2570a02a54b443df8b2788d72d18cb
32,,0,brightkite,0.518925,20757,5b44a417bd4a8d821511e435186d772ad605565652aedcb435ea730c236de465,objective_next_arrival,0,04c8cebb51742e7f192b6654e0e3029690a74b8ff494db771f0e132dc68d01de,0.175,3ea4e0b7a80f11b833c349735d8ac7d2336527f59e878a0fd78d848a1dd46e08
32,,0,brightkite,0.512,20480,2019d969da5d19b8c0a919acf3dc76d212d570076f03acc5be8eb6663173f72f,objective_reuse_distance,0,04c8cebb51742e7f192b6654e0e3029690a74b8ff494db771f0e132dc68d01de,0.375,a41877c03edfeec0f93986d7d1162e9300bb59b5dadbb11d6abf56abe6547465
32,,0,brightkite,0.4476,17904,1a85c9c9da53b57c88e72fd21165430e9fdadce3c69559538ef476d2accf9aa8,objective_pairwise,0,04c8cebb51742e7f192b6654e0e3029690a74b8ff494db771f0e132dc68d01de,0.15,e9cdbc10c0f8fcf86da560558898857010fc25b95bf56e477a7e5fd8d2776365
64,,0,brightkite,0.3533,14132,d3a7414b02737518d6493b4e1b14aa8528c6a84c0fd18463a28bda8e6a27a6fc,objective_eviction_loss,0,04c8cebb51742e7f192b6654e0e3029690a74b8ff494db771f0e132dc68d01de,0.025,0289ee1f6dff8d0ddba850ef214543aeef5bdbacd1cb548e683ffe21548405f2
64,,0,brightkite,0.5469,21876,fa32b7d9d02c02b5dfa650a4de93f04349224ac45fd3a46bfe35099ca81d1d7d,objective_next_arrival,0,04c8cebb51742e7f192b6654e0e3029690a74b8ff494db771f0e132dc68d01de,0.2,607d6e367059e5b606f18cd086470744cf2d4faa307320c6fffce06daf27a389
64,,0,brightkite,0.515275,20611,f2cd18523bbf285f43354222826a372b71d46ce3e8907967513c7789ebedd09d,objective_reuse_distance,0,04c8cebb51742e7f192b6654e0e3029690a74b8ff494db771f0e132dc68d01de,0.45,1b0623434abb09f78630dda0a01cdcd827855056e7c8d4fdbc31bf73082c19b1
64,,0,brightkite,0.3305,13220,70622e327e25ff34ce486ed2523137e3c6bbf2c5f0dbe7f3185bfd3dbb8e2106,objective_pairwise,0,04c8cebb51742e7f192b6654e0e3029690a74b8ff494db771f0e132dc68d01de,0.0,a01fdbe1e104116d291ff8591a5e0057410b967f3ab28f2e42f13ac861ce36b1
128,,0,brightkite,0.32845,13138,146ee683b4ee275395ecd11a8a2e607691db0319f618f80b48d9581674934380,objective_eviction_loss,0,04c8cebb51742e7f192b6654e0e3029690a74b8ff494db771f0e132dc68d01de,0.0,687665d2e670db175f2d095afadd38dfc7129ea655e9a0d3bcb83f6e3b965de6
128,,0,brightkite,0.453875,18155,9d04ef9310e39db4de56865dfebd8cf999421b97021eaca7f832bcd45669a5ad,objective_next_arrival,0,04c8cebb51742e7f192b6654e0e3029690a74b8ff494db771f0e132dc68d01de,0.375,5164458592e2420113aeb660f2454e99b42b77a5098d43eaabc03f7895ca3885
128,,0,brightkite,0.40145,16058,26ee37b556331488d67ab78be2dc49478004e564b0572f11f01ab2f5ebd385d3,objective_reuse_distance,0,04c8cebb51742e7f192b6654e0e3029690a74b8ff494db771f0e132dc68d01de,0.425,44b22cb6f0a7baf677defc1b28b3e089158e424b90296f51d6d48f1a8a38c67c
128,,0,brightkite,0.310075,12403,55866a61bab9684eae5cb4eabe8702672dab1bbc69cce7c17863d4b1a7ffa5c0,objective_pairwise,0,04c8cebb51742e7f192b6654e0e3029690a74b8ff494db771f0e132dc68d01de,0.0,c05ff08bf9812aa01dba6b7762e5bc3c0eded3d75937c77a2a69a91038ae3017
32,,0,citibike,0.417525,16701,2dd95e910ad60251af7dc29aeea2ffdeefcd85b63d6a628535edee2f55a7c0b4,objective_eviction_loss,0,1ddab59d9dd9cd32ced3bf7409a2e2432cc6453cd06a6837670babb7f5d77130,0.0,7c215685b59e908da5ca5bd231db2c3865488b8f596ab00fcd26786bca2e197b
32,,0,citibike,0.79055,31622,c760280817c97920a4aa93e5e85fe285363a246bf9d7ab9832a54f7584854b65,objective_next_arrival,0,1ddab59d9dd9cd32ced3bf7409a2e2432cc6453cd06a6837670babb7f5d77130,0.0,f0c32046b47b6d3aec9e0ab64c5750c09a1039cb955df7a8ad17734cfff2ba2e
32,,0,citibike,0.76585,30634,fc396cd4663bf6f7b560f95cb41d1cfd29c8c3b48a2ba4ade482b1bc1fa24c30,objective_reuse_distance,0,1ddab59d9dd9cd32ced3bf7409a2e2432cc6453cd06a6837670babb7f5d77130,0.0,6365f2a41988d07ed8ab1d1166d9765ed9192713b47e61b0a92440b7b7a76334
32,,0,citibike,0.64695,25878,2483f69d7d3f082c963eee415bec417fa6cfcebdc31790eca40c26d6fab15eec,objective_pairwise,0,1ddab59d9dd9cd32ced3bf7409a2e2432cc6453cd06a6837670babb7f5d77130,0.0,17a20c4baa2e360bbc73e8d66fe824c5a9aa4f4c37a5c311f618444f5fd2a008
64,,0,citibike,0.40235,16094,d94bd9ca155bfe5fb798f84789ba5eeb39fad605fe64825e2c384e6678ed019d,objective_eviction_loss,0,1ddab59d9dd9cd32ced3bf7409a2e2432cc6453cd06a6837670babb7f5d77130,0.0,423feef5a94ae789cf96dd53265bcb57dcdc695516662cc8671b84f45fcfccde
64,,0,citibike,0.4447,17788,8ccd7f89139444dfab3f93d150edf11e7a2cd7fa529c8c9d1b1f9b0d95d96ab3,objective_next_arrival,0,1ddab59d9dd9cd32ced3bf7409a2e2432cc6453cd06a6837670babb7f5d77130,0.0,dbd922715200a301939e730bd7c2365ea70abd535b6b23a501651aa933398dc0
64,,0,citibike,0.44025,17610,642f00fbe9df3cac642b8c4d163473ac1abb96b16e99ddaa4d391bdad6f4df7a,objective_reuse_distance,0,1ddab59d9dd9cd32ced3bf7409a2e2432cc6453cd06a6837670babb7f5d77130,0.0,b8428be110897206086a5905a2dbbfeda258681a69e00c88b2a313f247abb622
64,,0,citibike,0.392675,15707,0cdc719729e947e640865bda5b62faaa6abd16b734bbde4205a7d10b70ebaa71,objective_pairwise,0,1ddab59d9dd9cd32ced3bf7409a2e2432cc6453cd06a6837670babb7f5d77130,0.0,32dbe831935141d4781424516f4ce1a095dade01b73ff6bc26c020b908116afe
128,,0,citibike,0.371,14840,acb173bbd29ff6658f0be22edfe16e157fb33c00dedbe3421eb3526383b5077b,objective_eviction_loss,0,1ddab59d9dd9cd32ced3bf7409a2e2432cc6453cd06a6837670babb7f5d77130,0.0,f762892f9ff2166b36f264a9ec1953b11126b67efb2c9a49dcee6e75c0f4cb9a
128,,0,citibike,0.372525,14901,f384d60f2599bbb4e21c36705294abb9f8208242618222915274286ecb6c399a,objective_next_arrival,0,1ddab59d9dd9cd32ced3bf7409a2e2432cc6453cd06a6837670babb7f5d77130,0.0,7f9684982b31bd07a9f6b3a17ff4c79a2967ce2f6b59bce88c3160d310670fbe
128,,0,citibike,0.36085,14434,5ec3718a09f1a486a3ce461d40059d191eecbbca40384461ac77d766eaea5eff,objective_reuse_distance,0,1ddab59d9dd9cd32ced3bf7409a2e2432cc6453cd06a6837670babb7f5d77130,0.0,eb42f07f06d4a01e193c3a02e860fc3c99bd9ba6e5f4cb4653bae43a2c76d739
128,,0,citibike,0.3554,14216,b03699db6319e44ce4200abd3e3cae48b63771bf322363f9ca35abd3dcd4a17c,objective_pairwise,0,1ddab59d9dd9cd32ced3bf7409a2e2432cc6453cd06a6837670babb7f5d77130,0.0,c3dc6d135fae6cab8345bf4b8ace1c91c2a5aa8e26bb3baa498ea26bc254aa2d
32,,0,cloudphysics,0.992325,39693,01f09a630d34b3f4069f9cdc9ebfe1226d2f768107d0a19bdc5babf0986e386d,objective_eviction_loss,0,fedb3d31ee3c1dd847d25f967392cdf0fdec1e9c1fbb6808772e281bc8d4fb57,0.275,1f408c27616544e6ead7c3a31170a0b8630c8db9345ff6a142ecd54ed8ea8e6e
32,,0,cloudphysics,0.98315,39326,5547480b62f61259a3cee4cb2c9b1ee37b23bc8e51b523dffa51481ddc2d4097,objective_next_arrival,0,fedb3d31ee3c1dd847d25f967392cdf0fdec1e9c1fbb6808772e281bc8d4fb57,0.0,e2db0169a26fcd1719e6a878ae094e33efb97ff2c43db7a02a93e5855225d477
32,,0,cloudphysics,0.981025,39241,21b5cf9b4ae038c6fc1e5593f8a6a11ee29483ba0c94cbaab8ceca4b403dcb18,objective_reuse_distance,0,fedb3d31ee3c1dd847d25f967392cdf0fdec1e9c1fbb6808772e281bc8d4fb57,0.05,67a2b1b8d7c8307be9a2f27d723f32dd106618864c60bd061ab8a516f7d482b9
32,,0,cloudphysics,0.9781,39124,bedc3ac35308db540f6a010201dbbebf6086f50273f3d86224a2aa1099b50102,objective_pairwise,0,fedb3d31ee3c1dd847d25f967392cdf0fdec1e9c1fbb6808772e281bc8d4fb57,0.025,95133348dd93f6206424ac0ce4eddeacd321a370176f74146d10f97f0c3112ea
64,,0,cloudphysics,0.983025,39321,efd5236f12895b0057f504987db785230887f6a1b9d18d8f3b2ea76b2b12087d,objective_eviction_loss,0,fedb3d31ee3c1dd847d25f967392cdf0fdec1e9c1fbb6808772e281bc8d4fb57,0.4,938a32c912ba28e1f31194c276834ccea7621ee3347e6d973b2cc9fbcc0e6acb
64,,0,cloudphysics,0.964625,38585,6af0a8a4bb05808829fb467cd081dbb853ea937c542e196d08e06e02628ca9a2,objective_next_arrival,0,fedb3d31ee3c1dd847d25f967392cdf0fdec1e9c1fbb6808772e281bc8d4fb57,0.0,c26450a8a31d5679807b72d740867c0be871bf0031c555f002cec72b1447e7b0
64,,0,cloudphysics,0.962075,38483,fb6d1ac64e35f8724a41d47a327de830be4293ab252698f183a0223e3c33c69c,objective_reuse_distance,0,fedb3d31ee3c1dd847d25f967392cdf0fdec1e9c1fbb6808772e281bc8d4fb57,0.0,dee03d81a5a4a3f51020b5d10e6c576c0dd59d816838ab79ca95af6d0f972ca8
64,,0,cloudphysics,0.964825,38593,02702a95638aa8d851a63558f95edb0122d3b5f8fd14563dcfbcbfb1504f84d6,objective_pairwise,0,fedb3d31ee3c1dd847d25f967392cdf0fdec1e9c1fbb6808772e281bc8d4fb57,0.0,1aead8e04061b3cb1014b77afdb891e7e16dd4ecbb50c672341613465fe2339e
128,,0,cloudphysics,0.9741,38964,81128509003be336d2aabd262cc17e31e6410446c170a8fcd7c77e85ea804f2c,objective_eviction_loss,0,fedb3d31ee3c1dd847d25f967392cdf0fdec1e9c1fbb6808772e281bc8d4fb57,0.3,c115f28585da5d7b9bbad53065afb2306d91036205a338b1d9f622cbab60f0c1
128,,0,cloudphysics,0.95285,38114,aa91cc45fdac22d656be2b4ff61015eda52cf73e270b856c641e88bf9158ddbf,objective_next_arrival,0,fedb3d31ee3c1dd847d25f967392cdf0fdec1e9c1fbb6808772e281bc8d4fb57,0.225,86e591983426700e74dfab3f37e83350aa098c41921dea27ab63bb6c94b62ad0
128,,0,cloudphysics,0.950975,38039,cad4b4f758c5693a160c69bbc8826f850b1897208f8f04fb2b40e978cc5e8ff4,objective_reuse_distance,0,fedb3d31ee3c1dd847d25f967392cdf0fdec1e9c1fbb6808772e281bc8d4fb57,0.1,69748bd57a607265a904000a8c9abc840d66977ae2c4eeb4d0e21a5aaae8763f
128,,0,cloudphysics,0.94765,37906,6ed672cce93689fe5cdce40cde8aea772e433b50b949c86f154399d47810d84c,objective_pairwise,0,fedb3d31ee3c1dd847d25f967392cdf0fdec1e9c1fbb6808772e281bc8d4fb57,0.0,f5319b71282c7217f29861b40a2c7f169b029d2edc16da7e08a95d2a8dabb53a
32,,0,metacdn,0.593175,23727,89ceb1090f39201254195cfd8fa817b38a977f8eb2e3f210e1c0a62a067cfcb8,objective_eviction_loss,0,7301f02e1373cb7e06f1ed2c417a8ebe16581319354780f811c8d032391f4e73,0.0,4e5eb861251e3f91945204865fe2f1bfb39bf7778cb845a05010942cf7b4b865
32,,0,metacdn,0.763825,30553,943afaa1ddf88e421d58101eeb9843edb0a877f2dfaa0280f6f719a8cb05115a,objective_next_arrival,0,7301f02e1373cb7e06f1ed2c417a8ebe16581319354780f811c8d032391f4e73,0.075,77a868bd6dfe1b4524ba944be2e189d4aefb9c0b8db7c425b06d2bf01d8beb31
32,,0,metacdn,0.711925,28477,7c9fa2e91e99645c604d4542b87ccac55198881ea7500e7b9f6007a578d6ef17,objective_reuse_distance,0,7301f02e1373cb7e06f1ed2c417a8ebe16581319354780f811c8d032391f4e73,0.225,7c51b680f2780168f9c76b5ed942de5f067810c8461d8cac6601f00bd5d278c4
32,,0,metacdn,0.58655,23462,c9f5fd7d06bcc3c5d5528b4084c42c0d9b85eabba1c39d5b94653acb637edb3b,objective_pairwise,0,7301f02e1373cb7e06f1ed2c417a8ebe16581319354780f811c8d032391f4e73,0.0,39f922c1632b6ce7dbc62a4c9d19c6686f41a16eee82f357bd1ef62b687fa3b7
64,,0,metacdn,0.572975,22919,72633e4159027e125cf1cb19f36eb59a56f7a0ea8da1a455c15c278e0d3a68b5,objective_eviction_loss,0,7301f02e1373cb7e06f1ed2c417a8ebe16581319354780f811c8d032391f4e73,0.0,11d48782f8517b034669e4a78ed68c0148a0f5fae93c404d13b9b4a011d2f93c
64,,0,metacdn,0.743925,29757,08b77a1c8842bb814fd465f6578cf40d2f4d45d587884ec033a52edcbcb73579,objective_next_arrival,0,7301f02e1373cb7e06f1ed2c417a8ebe16581319354780f811c8d032391f4e73,0.0,f7e61d28437dee43f58f6a2d945d9901459509be209691f3650e4b12569e12bb
64,,0,metacdn,0.71465,28586,4e5d5baa3b8fe2e6c3b095f88b89db26bb0a8985a75f7231c61c0594f12704c5,objective_reuse_distance,0,7301f02e1373cb7e06f1ed2c417a8ebe16581319354780f811c8d032391f4e73,0.0,db89b569f7e55fe8f33b60baf9f8a0705ab20b43473f47d69ffdc8342c4b441e
64,,0,metacdn,0.564575,22583,7a9737bd43ea2998771bec87740fe32ef4a5636d30b1b5b8bc7c3e785957fbf4,objective_pairwise,0,7301f02e1373cb7e06f1ed2c417a8ebe16581319354780f811c8d032391f4e73,0.0,69f1b2614b286d87855ee666c76a62914e1694a40523d885ec31211da679d89b
128,,0,metacdn,0.57335,22934,50286941c938a5694d86c73c467c316992be41193191e52e4778e27bc2b98bf5,objective_eviction_loss,0,7301f02e1373cb7e06f1ed2c417a8ebe16581319354780f811c8d032391f4e73,0.05,ebd8a14c6f2ce3e4c15ce8c6963bd077878aa2ae99451f414ed3f661437af7ec
128,,0,metacdn,0.71205,28482,cef3fa7d33752ede6459ffad2493aaf34eda49ff78365f2212468e74f50e0cb8,objective_next_arrival,0,7301f02e1373cb7e06f1ed2c417a8ebe16581319354780f811c8d032391f4e73,0.0,4599a10638ef01781f750be5f86ebb0c7da6cad5e542fd09dcdff1a3fab9258f
128,,0,metacdn,0.693575,27743,4994c23cd11733883b1554c3b1267b0a9326d3073e12ec37a33c77f7dfaa716c,objective_reuse_distance,0,7301f02e1373cb7e06f1ed2c417a8ebe16581319354780f811c8d032391f4e73,0.0,0cf1a1b7303755e84f8e3598627238166814c612fd741bc2a8dbc472be1de80a
128,,0,metacdn,0.548925,21957,9d427e95bd7440bed9bc282b9aaee80dc3fd463931e8edef4dc660d54bc2a7bc,objective_pairwise,0,7301f02e1373cb7e06f1ed2c417a8ebe16581319354780f811c8d032391f4e73,0.0,955f6649aad43f298f8eb1615367619321735f7aad70bb84ef4c9ef39c577350
32,,0,metakv,0.7642,30568,74b6d9dce371b928fa73de7ff4a1cbf2e389f2dba431fbbdc6b718bb0d7abcdb,objective_eviction_loss,0,4c229e841d546cd57a2edb6e3ddc53461ff4dc03d366e9d24e4239a89db7e0de,0.0,f8893bcffe473df4c13cec04ed1fc10ed6c32fc6720173977844c4b8acbc595d
32,,0,metakv,0.7661,30644,7baf83b16933d2a09c373b64c70cdff4e7712854c715a75039331eeca535ac48,objective_next_arrival,0,4c229e841d546cd57a2edb6e3ddc53461ff4dc03d366e9d24e4239a89db7e0de,0.0,2e9837255fcf2261b2017a4f13283e2b2d06065633b5a579415d3bd93721c5ab
32,,0,metakv,0.7662,30648,a7efa9d3fd56117b03b52553ecaf4ad81c2c2dab99f1a09d03621e49eaaa9a9e,objective_reuse_distance,0,4c229e841d546cd57a2edb6e3ddc53461ff4dc03d366e9d24e4239a89db7e0de,0.0,c6c781b03c3f2a3a9f295034de112c57b322d665037b3a779e651aa6450cd3b5
32,,0,metakv,0.764225,30569,7155b5843edd35b2a8d21a6de6d64c7fec89501ecd3848c0b3cb2ee011725540,objective_pairwise,0,4c229e841d546cd57a2edb6e3ddc53461ff4dc03d366e9d24e4239a89db7e0de,0.0,cb8a46a0ce3b4c133fa0f7f94eb2b64aee049d149d50792c2c720b8a93958e4b
64,,0,metakv,0.76385,30554,536f4b2ff0c37dc970a3b27d3f7515a8b8932ae3158644838e277c81b204cea3,objective_eviction_loss,0,4c229e841d546cd57a2edb6e3ddc53461ff4dc03d366e9d24e4239a89db7e0de,0.0,af351739b7e4666c768bb49d1b35d11b75743c9634b844b0019b0e75396510a5
64,,0,metakv,0.764675,30587,faac623b9473f594caeeb65e0a35a5b306614513474085a05508b05e2feaafbe,objective_next_arrival,0,4c229e841d546cd57a2edb6e3ddc53461ff4dc03d366e9d24e4239a89db7e0de,0.0,514e5b97f00c8ad3c9bdd4c03d5299295ba6ba74c8163148ff608879402e0ffa
64,,0,metakv,0.76395,30558,9101257eb4e9f808706acbcf8f726e553420ec2f1860ebe5c550e9eeee6b77fb,objective_reuse_distance,0,4c229e841d546cd57a2edb6e3ddc53461ff4dc03d366e9d24e4239a89db7e0de,0.0,5da80893e81d2d5fc372eb86ce6bb18c6147321d6c3251a8073506b1bc654dde
64,,0,metakv,0.763825,30553,eef585a265e2ee03e28d6344619f29bb60f869dccb1b7d5d05a3fa585221b259,objective_pairwise,0,4c229e841d546cd57a2edb6e3ddc53461ff4dc03d366e9d24e4239a89db7e0de,0.0,7d7df4630ad0284a6187967ae7e7e956b860bac1e82029d10e0e0d453cb74b7e
128,,0,metakv,0.76305,30522,d1750b756292a1e2ed6adbc3717c4947d7427c27cba8a718e8ab02e28d7e0b6b,objective_eviction_loss,0,4c229e841d546cd57a2edb6e3ddc53461ff4dc03d366e9d24e4239a89db7e0de,0.0,580b10b8a8a4ff5544d99e50f9f42187bf6bede5db9550a7455da284b1532308
128,,0,metakv,0.78185,31274,1676bd130a838097dd87ad285cc835d0ea91d3d627b37833b8ef14d0031b6f54,objective_next_arrival,0,4c229e841d546cd57a2edb6e3ddc53461ff4dc03d366e9d24e4239a89db7e0de,0.0,d5cbe3bd50133a896988014263c125291cb337a94979109f5eb61540cff22ad9
128,,0,metakv,0.77645,31058,a696c2ea5ee2bc1cc0c93e14f400b09b8fccb0a73b81fbcaea4ab1a75d3a1aea,objective_reuse_distance,0,4c229e841d546cd57a2edb6e3ddc53461ff4dc03d366e9d24e4239a89db7e0de,0.0,679dd247e8e73e7898cfabf823bf4373c6c6923a498d59e8d3f7470700711dc2
128,,0,metakv,0.763475,30539,28e3adf48773b7bc1202e6c5e3f729615f9fbfb31551529a44298c9cd7def640,objective_pairwise,0,4c229e841d546cd57a2edb6e3ddc53461ff4dc03d366e9d24e4239a89db7e0de,0.0,ede0b91101f46c49d1d26157240e876e2ca2469324b1dfeb50602ae78038fd0c
32,,0,twemcache,0.75705,30282,4ea46ab4abada53b0dba0875ed94bd3419d47d9837f93f5233a0cdb2e0fc8eb0,objective_eviction_loss,0,62df27062ce2595c843fd91e01d26c9783ff8f165f6b26e983696eda7ada0bb9,0.0,fc023fb67b3736027b214de9eee086e1849382afa6a61ff83f4e3cf0bcf276e3
32,,0,twemcache,0.762625,30505,d4255a8aff2911a8342b07e66300ef29b79d8b14f15c201827452fc6ed97b748,objective_next_arrival,0,62df27062ce2595c843fd91e01d26c9783ff8f165f6b26e983696eda7ada0bb9,0.0,6ebe02014f6b7da316f7a49628ccad1c269bf3b275218f4ba21063c37c615970
32,,0,twemcache,0.75705,30282,1453b94858960d73639fae1b71c1e0dacc020772759059d6c8408e9445bb5c57,objective_reuse_distance,0,62df27062ce2595c843fd91e01d26c9783ff8f165f6b26e983696eda7ada0bb9,0.0,641596a5a5bf508665ca403c580243184281ed6b58edc9ae231439b92e5a8c49
32,,0,twemcache,0.753075,30123,c289c7cd89e560bb896cc1333ef56bece2e46fef48a8be7882c3891167d5d8dc,objective_pairwise,0,62df27062ce2595c843fd91e01d26c9783ff8f165f6b26e983696eda7ada0bb9,0.0,65e12cdb1be3b19b36a8d91a993c759cd2f63631f4816a25c1fcb4e459345f7a
64,,0,twemcache,0.694875,27795,340e32ad98bf15d19023c372f1d8d5b287e0fce09029bc7e8d46b89e20865dfc,objective_eviction_loss,0,62df27062ce2595c843fd91e01d26c9783ff8f165f6b26e983696eda7ada0bb9,0.0,956e44a7e854b502e89d2be8daf439b5547695f7bb406f50cafe91262f366697
64,,0,twemcache,0.69645,27858,d530b4bfbe7440ee27e745c8b2a80ab584d6964faf98515020cdd5fced705208,objective_next_arrival,0,62df27062ce2595c843fd91e01d26c9783ff8f165f6b26e983696eda7ada0bb9,0.0,715cdffa2f76d4c8dc8217c1f1823b241a57510a6307a9f20c1004bb2a3660f4
64,,0,twemcache,0.695825,27833,60b12e3dc0b26fa5873aed54b74a488a5670f593edcaa7afca26bb0cd30321f2,objective_reuse_distance,0,62df27062ce2595c843fd91e01d26c9783ff8f165f6b26e983696eda7ada0bb9,0.0,42b6b071bc63006233f73301b84508da2b89fe2f92472f8b0815257ea3800e37
64,,0,twemcache,0.69135,27654,3d3e5610ea1728efe2b569891817e4c54f89e2d98d4cf466167e70c440d2e061,objective_pairwise,0,62df27062ce2595c843fd91e01d26c9783ff8f165f6b26e983696eda7ada0bb9,0.0,aec196500ebe91717aab725c51561e75211c1825dbc92b173b3a939423c49239
128,,0,twemcache,0.62455,24982,78cb62aeebd25f8a1e4d884e93d0d9906e5980a2a1f9b80e55c44d2808834d4d,objective_eviction_loss,0,62df27062ce2595c843fd91e01d26c9783ff8f165f6b26e983696eda7ada0bb9,0.0,e0213b1360792714a35b18607ff1b95c34313577e1b6a87bf00e9dde3266b457
128,,0,twemcache,0.6652,26608,07fcc9e6dd4183bb00bdae398361f089d4fbe3cb55b9f90e5bc8831ade56d0b1,objective_next_arrival,0,62df27062ce2595c843fd91e01d26c9783ff8f165f6b26e983696eda7ada0bb9,0.0,ef6bfe60e8b55fcc9f77ee13593968e0564f1eb412187a6c8249b22585ffae67
128,,0,twemcache,0.626875,25075,7c6d47fa44a38ba051ca5d1f5fe98a08bf3bf6a6ef7cdc406cf2c5cc224c1193,objective_reuse_distance,0,62df27062ce2595c843fd91e01d26c9783ff8f165f6b26e983696eda7ada0bb9,0.0,3863a4662cae512d2e7f31e730c5c026d894d85372eaffaae39083222557b50c
128,,0,twemcache,0.6237,24948,398fd58ea188cee29956057c73c69c7725572b3fa24edd680c5a4e5073ec2ceb,objective_pairwise,0,62df27062ce2595c843fd91e01d26c9783ff8f165f6b26e983696eda7ada0bb9,0.0,5c1f92514d8321e49fe19894c0507d1688d82e472f4a9e9274086288f9c9f8fd
32,,0,wiki2018,1.0,40000,594ac89686cd889ed0a1bb2fdf17334ea75d400f9ffe4c3a74ed322351954428,objective_eviction_loss,0,3813084bebfcf463ac22a685494b46aea45aded55d314411c9fbb058b5d67608,0.025,1f3e191010f5997702e74daceb383eec4fb3db6e88effd92f4389e087478584f
32,,0,wiki2018,1.0,40000,c750c8d38666800f2a0a51053c91629219cfa7d7e235353970a289ca5b907f22,objective_next_arrival,0,3813084bebfcf463ac22a685494b46aea45aded55d314411c9fbb058b5d67608,0.025,32f13c1763f48bbafb6076d52d33dc939f4d74a61c3f58891525c45ffbb2ac18
32,,0,wiki2018,1.0,40000,a84f1fcb54a75b946c66bb7ca4c3a9aaaf31503b6e23629a4bf7c114008fdf6d,objective_reuse_distance,0,3813084bebfcf463ac22a685494b46aea45aded55d314411c9fbb058b5d67608,0.075,800ce73ea258b82b16d11099543c7aada8ec487eea8588f98722484043cf94d1
32,,0,wiki2018,1.0,40000,839cca71009659a66b96e128dd5662d2fd8ffd45ad9ed17be2af132798f10243,objective_pairwise,0,3813084bebfcf463ac22a685494b46aea45aded55d314411c9fbb058b5d67608,0.025,800ce73ea258b82b16d11099543c7aada8ec487eea8588f98722484043cf94d1
64,,0,wiki2018,1.0,40000,1f07b4fcda61ed9f61a5cbdd400157aac20f64270d52e0982f80c4dc937a1481,objective_eviction_loss,0,3813084bebfcf463ac22a685494b46aea45aded55d314411c9fbb058b5d67608,0.0,a22e70cb851339305098490342ebf2d38d0cd3f7e9344a94c453507da0c27383
64,,0,wiki2018,1.0,40000,5bb019afa66f1714dedd8dd0f14c68419d37023c4b840538e012af7073b35288,objective_next_arrival,0,3813084bebfcf463ac22a685494b46aea45aded55d314411c9fbb058b5d67608,0.05,d294b95f56bec004e643c8662391ce59d50cf7ffb60f249d19ece7b12ae9a4aa
64,,0,wiki2018,1.0,40000,8906cb90eb85c26189fcda150567f9b6256b99f4fa522a092c7617907d89dc8b,objective_reuse_distance,0,3813084bebfcf463ac22a685494b46aea45aded55d314411c9fbb058b5d67608,0.0,d294b95f56bec004e643c8662391ce59d50cf7ffb60f249d19ece7b12ae9a4aa
64,,0,wiki2018,1.0,40000,87be9a505992889e7bef5716756fa7ac24629811a2e1221a804420c3e4f68cd4,objective_pairwise,0,3813084bebfcf463ac22a685494b46aea45aded55d314411c9fbb058b5d67608,0.0,a9db3c5740eb90aabe98b477d925484d2be80c13c2942a7a8b0e4365d1ac0977
128,,0,wiki2018,1.0,40000,550a51913251825047061b0c4714a8d15c2ad88afec89829324879d98fd774d9,objective_eviction_loss,0,3813084bebfcf463ac22a685494b46aea45aded55d314411c9fbb058b5d67608,0.025,1ac8a8815ad8b434c28722beeb827340a1ba09d18d6fb63c5b169e862d3e0ba6
128,,0,wiki2018,1.0,40000,78df4e1f361597e6980c66170676dff8fa10e27c877f22c2b21ecfcd90f885ce,objective_next_arrival,0,3813084bebfcf463ac22a685494b46aea45aded55d314411c9fbb058b5d67608,0.05,7fd72aaa54d60fa75b43e8b34e7bdab200e42e5400ad62cd20786fa10feaf823
128,,0,wiki2018,1.0,40000,d27ce77af2fe00c3daadadfc0cf632e19a73479c2ee330541f42d594fab22926,objective_reuse_distance,0,3813084bebfcf463ac22a685494b46aea45aded55d314411c9fbb058b5d67608,0.075,7fd72aaa54d60fa75b43e8b34e7bdab200e42e5400ad62cd20786fa10feaf823
128,,0,wiki2018,1.0,40000,4c2144ffedb8151895e864f529876b8de1868d56970861dcb418fadff81b3ba6,objective_pairwise,0,3813084bebfcf463ac22a685494b46aea45aded55d314411c9fbb058b5d67608,0.05,7fd72aaa54d60fa75b43e8b34e7bdab200e42e5400ad62cd20786fa10feaf823
